{
    "attachments": [],
    "resource_id": 10583,
    "current_version_id": 39742,
    "download_count": 0,
    "resource_version_id": 39891,
    "version_string": "3.3.0",
    "last_update": 1655193525,
    "rating_avg": 4.85294,
    "rating_count": 0,
    "rating_sum": 0,
    "resource_category_id": 7,
    "resource_date": 1575896383,
    "review_count": 192,
    "tag_line": "The Most Customizable Engines on the Forum! Now even better!",
    "update_count": 30,
    "path": "MQZ9Y2W1O\/39742\/",
    "filename": "highly_customizable_engines_rk.zip",
    "title": "[5 New Engines + Turbo Update!] RK's Highly Customizable Engines (11 Enginestypes!)",
    "user_id": 184045,
    "username": "R4NKING",
    "tagid": "MQZ9Y2W1O",
    "message": "[SIZE=5]You Ever wanted [B]more Customizable Engines[\/B]?\n[B]70+ Customizable Parts[\/B] and [B]350+ Tuningoptions[\/B] which [B]affects [\/B]the [B]engine[\/B]? \nOver 1000Hp [B]without[\/B] a [B]Turbo [\/B]or [B]Supercharger[\/B]?\nEver wanted [B]VTEC, VVTI, Ported Intake, OHC \/ DOHC[\/B] in [B]one Engine[\/B]?  \n\nYes? Than Those Engines are for you![\/SIZE]\n\n[U][COLOR=#ff0000]\n[SIZE=5][U][B]If you have any Problems with the Mod, first delete all Customizable Engine files in the Mod folder, delete Cache and reinstall it and check if the Mod is enabled![\/B][\/U][\/SIZE]\n\n\n[SIZE=5][B]Please use the [URL='https:\/\/www.beamng.com\/threads\/rks-highly-customizable-engine-now-v8.67381\/'][COLOR=rgb(153, 153, 255)]Discussion Theater[\/COLOR][\/URL] for Problems or Bugs and not the Reviews.[\/B][\/SIZE][\/COLOR]\n\n[\/U]\n[COLOR=#000000][B]If you like the mod and my work, you can support and motivate me to work more on it [\/B][URL='https:\/\/paypal.me\/LukFessler'][B]here[\/B][\/URL][B]![\/B][\/COLOR]\n\n\n\n[B][SIZE=5]This Mod Adds: [\/SIZE][\/B][SIZE=4](For every Beamng Car)[\/SIZE]\n\n[B]- 1.6L  I3 Engine with 70+ Parts and 2 sounds\n[B]- 2.0L  I4 Engine [B][B]with 70+ Parts and 2 sounds[\/B][\/B][\/B]\n- 3.0L  I6 Engine [B][B]with 70+ Parts[\/B][\/B]\n- 2.4L  I5 Engine [B][B]with 70+ Parts[\/B][\/B] and I5 Sound\n- 6.4L V8 Engine with 70+ Parts and Crossplane and Flatplane Sound\n- 2.2L  F4 Engine With 70+ Parts\n- 3.4L  F6 Engine With 70+ Parts\n- 5.0L V10 Engine With 70+ Parts\n- 5.2L V12 Engine With 70+ Parts\n- 8.0L V16 Engine With 70+ Parts\n\n\n\n\n\n\n\n\n- Featured my [URL='https:\/\/www.beamng.com\/resources\/turbo-everything-twincharge-everything.9592\/']Customizable Turbo and Superchargers[\/URL]\n- High Performance Radiator\n- Tuned Race Exhaust\n- Valve Exhaust (ctrl + q to toggle)[\/B]\n\n\n[IMG]https:\/\/i.imgur.com\/G2NzvCO.png[\/IMG]\n[IMG]https:\/\/i.imgur.com\/AZ1dKoy.png[\/IMG]\n\n[B][SIZE=5]New Turbos![\/SIZE][\/B][SIZE=3] ( [I]I tried to make them as realistic as possible[\/I])\n[\/SIZE]\nSingle Turbo:\n[IMG]https:\/\/i.imgur.com\/CbrblfT.png[\/IMG]\nTwin Turbos:\n[IMG]https:\/\/i.imgur.com\/Rrhk55u.png[\/IMG]\nSequential Turbos:\n[IMG]https:\/\/i.imgur.com\/jcaMr1S.png[\/IMG]\n\nAnd few more, pictures coming soon\n\n\n\nEngine Parts and what they affects:\n\n\nAirfilter: Affects power\nAlternator: Affects power\nEngineblock Material: Changes the material, affects maxtorque\nTurbo Boost Pipe: Affects power\nCamshaft: Adds power, Idle-roughness Features VTEC\nChargepipe: Affects power\nConnecting Rods Bearing: Affects power\nConnecting Rods: Affects maxtorque\nCrankcase Ventilation: Affects maxtorque\nCrankshaft Main Bearing Cap: Affects maxtorque\nCrankshaft: Affects maxtorque, Affects power\nCylinderhead: Affects power, OHC\/DOHC\nCylinder Liner: Affects maxtorque\nHarmonic Damper: Affects maxtorque, lowers idle roughness\nECU: Affects power, MaxRPM, IdleRPM,\nEngine Block: Affects power, affects health, affects maxrpm\nExhaust Header: Affects power\nFuelpump: Affects power\nFuel Injection: Affects burnefficiency, affects power\nFuel Type: Affects power\nHeadbolts: Affects maxtorque\nHeadgasket: Affects maxtorque and Power, Affects Compression ratio\nCylinderhead Material: Affects maxtorque\nIgnition System: Affects power\nTurbo Intercooler: Affects power\nCrankshaft Main Bearing Bolts: Affects maxtorque\nCrankshaft Main Bearing: Affects maxpower\nOilfilter: Affects maxpower\nOilpan: Affects maxtorque, adds Oilvolume\nOilpump: Affects maxtorque\nPiston Wrist pin: Affects maxtorque\nPiston: Affects maxtorque, Affects maxpower\nPiston Cooling Noozle: Affects maxtorque\nPiston Rings: Affects maxtorque\nStarter: Affects the Starter\nThrottle Valve: Affects power\nTiming Type: Affects maxtorque\nTwo Step: Adds Two Step Launch Control\nValve Lifters: Affects maxtorque, Affects maxrpm\nIntake Valve: Affects power, Affects maxtorque\nExhaust Valve: Affects power, Affects maxtorque\nValve Springs: Affects maxrpm\nVTEC: Affects power at high rpm\nCamshaft Gear: Affects power\nWater Reservoir: Affects maxtorque, affects coolantvolume\nWater-Methanol Injection: Affects maxpower\nWater Pipes: Affects maxtorque\nExhaust: Affects Afterfire, Affects power\nNOS: Adds NOS Slot\nIntakemanifold: Affects power, Adds Supercharger slot\n\n\n\nThis mod uses original engine model, if you want to help with the model pm me\n\nIf you have some Ideas for this mod, feel free to submit it :D\n\n\n\nHave Fun.[\/IMG]",
    "category_title": "",
    "prefix_title": "",
    "via": "packed by repo on Sun, 19 Jun 2022 22:02:22 GMT",
    "hashes": [
        [
            "lua\/vehicle\/powertrain\/combustionEngine_rk.lua",
            "d0653552484d1de6"
        ],
        [
            "vehicles\/barstow\/customazible_engine_rk\/engine_I6.jbeam",
            "1b7ae9167e83d579"
        ],
        [
            "vehicles\/barstow\/customazible_engine_rk\/engine_v10.jbeam",
            "482aff25027e183b"
        ],
        [
            "vehicles\/barstow\/customazible_engine_rk\/engine_I4.jbeam",
            "fac65bd031f523d1"
        ],
        [
            "vehicles\/barstow\/customazible_engine_rk\/engine_v8.jbeam",
            "858941dce8f4b6bd"
        ],
        [
            "vehicles\/barstow\/customazible_engine_rk\/engine_i5_cooler.jbeam",
            "6423a931d671c8dd"
        ],
        [
            "vehicles\/barstow\/customazible_engine_rk\/engine_i3.jbeam",
            "572d26808fc6f3df"
        ],
        [
            "vehicles\/barstow\/customazible_engine_rk\/engine_f6.jbeam",
            "528141e4c2441d92"
        ],
        [
            "vehicles\/barstow\/customazible_engine_rk\/engine_v16.jbeam",
            "97f63e869defd749"
        ],
        [
            "vehicles\/barstow\/customazible_engine_rk\/engine_i5_exhaust.jbeam",
            "af1bc8480cc8cab7"
        ],
        [
            "vehicles\/barstow\/customazible_engine_rk\/engine_v8_diesel.jbeam",
            "53cf65bf08b97be0"
        ],
        [
            "vehicles\/barstow\/customazible_engine_rk\/engine_I5.jbeam",
            "1ff9d84de331a942"
        ],
        [
            "vehicles\/barstow\/customazible_engine_rk\/engine_f4.jbeam",
            "4fa8dfbeb083aa31"
        ],
        [
            "vehicles\/barstow\/customazible_engine_rk\/engine_v12.jbeam",
            "6f88cfb70e482c85"
        ],
        [
            "vehicles\/barstow\/customazible_engine_rk\/engine_v6.jbeam",
            "4ad4df5dee03d600"
        ],
        [
            "vehicles\/barstow\/customazible_engine_rk\/fueltank_diesel_rk.jbeam",
            "7a854c027c7d14f1"
        ],
        [
            "vehicles\/scintilla\/customazible_engine_rk\/engine_v8_exhaust.jbeam",
            "4997a4ac76398b9e"
        ],
        [
            "vehicles\/scintilla\/customazible_engine_rk\/engine_I6.jbeam",
            "9ad87e8a02b4bf7b"
        ],
        [
            "vehicles\/scintilla\/customazible_engine_rk\/engine_v10.jbeam",
            "837a16587d222cd7"
        ],
        [
            "vehicles\/scintilla\/customazible_engine_rk\/engine_I4.jbeam",
            "831f4ffc0b897513"
        ],
        [
            "vehicles\/scintilla\/customazible_engine_rk\/engine_v8.jbeam",
            "ec4bb3db2d485b9a"
        ],
        [
            "vehicles\/scintilla\/customazible_engine_rk\/engine_i3.jbeam",
            "7774fc505506f64f"
        ],
        [
            "vehicles\/scintilla\/customazible_engine_rk\/engine_f6.jbeam",
            "206d10a3286703cf"
        ],
        [
            "vehicles\/scintilla\/customazible_engine_rk\/engine_v16.jbeam",
            "465eb539982cf456"
        ],
        [
            "vehicles\/scintilla\/customazible_engine_rk\/engine_v8_diesel.jbeam",
            "0d4c9e82f7d77c5d"
        ],
        [
            "vehicles\/scintilla\/customazible_engine_rk\/engine_I5.jbeam",
            "32badee3c4e47bb6"
        ],
        [
            "vehicles\/scintilla\/customazible_engine_rk\/engine_v8_cooler.jbeam",
            "7df6eb76dedee334"
        ],
        [
            "vehicles\/scintilla\/customazible_engine_rk\/engine_f4.jbeam",
            "670aff4467769c81"
        ],
        [
            "vehicles\/scintilla\/customazible_engine_rk\/engine_v12.jbeam",
            "c3b49cfae2be1a7c"
        ],
        [
            "vehicles\/scintilla\/customazible_engine_rk\/engine_v6.jbeam",
            "acbc2b3e0996148d"
        ],
        [
            "vehicles\/wigeon\/customazible_engine_rk\/engine_I6.jbeam",
            "e5a5ef7d441597ea"
        ],
        [
            "vehicles\/wigeon\/customazible_engine_rk\/engine_v10.jbeam",
            "c431a493316d8623"
        ],
        [
            "vehicles\/wigeon\/customazible_engine_rk\/engine_I4.jbeam",
            "33b31a49bb8269f3"
        ],
        [
            "vehicles\/wigeon\/customazible_engine_rk\/engine_v8.jbeam",
            "db48f68f0e052acc"
        ],
        [
            "vehicles\/wigeon\/customazible_engine_rk\/engine_i3.jbeam",
            "ae49b1a5178fd04e"
        ],
        [
            "vehicles\/wigeon\/customazible_engine_rk\/engine_f6.jbeam",
            "aa81a2f3865bdc90"
        ],
        [
            "vehicles\/wigeon\/customazible_engine_rk\/engine_v16.jbeam",
            "a67eb779add27f34"
        ],
        [
            "vehicles\/wigeon\/customazible_engine_rk\/engine_v8_diesel.jbeam",
            "6c505f2e5582e633"
        ],
        [
            "vehicles\/wigeon\/customazible_engine_rk\/engine_I5.jbeam",
            "d1b068dcce7261e3"
        ],
        [
            "vehicles\/wigeon\/customazible_engine_rk\/engine_v8_cooler.jbeam",
            "1ffe0023ee6380e8"
        ],
        [
            "vehicles\/wigeon\/customazible_engine_rk\/engine_f4.jbeam",
            "d8da36f4ffb48f81"
        ],
        [
            "vehicles\/wigeon\/customazible_engine_rk\/engine_v12.jbeam",
            "8666bd5d5d8c0c04"
        ],
        [
            "vehicles\/wigeon\/customazible_engine_rk\/engine_v6.jbeam",
            "416b6780e0939ecb"
        ],
        [
            "vehicles\/wigeon\/customazible_engine_rk\/engine_v8_exhaust_wigeon.jbeam",
            "7c4f96a8bd4f8e49"
        ],
        [
            "vehicles\/wigeon\/customazible_engine_rk\/fueltank_diesel_rk.jbeam",
            "b268f74de9baa3e3"
        ],
        [
            "vehicles\/common\/customizables_engine_rk\/turbo\/turbosound.jbeam",
            "3307099eeaffbfcc"
        ],
        [
            "vehicles\/common\/customizables_engine_rk\/turbo\/Turbo.jbeam",
            "70b4697f3dc3322c"
        ],
        [
            "vehicles\/common\/customizables_engine_rk\/turbo\/supercharger_parts_screws.jbeam",
            "5e9c6898c2bda2f3"
        ],
        [
            "vehicles\/common\/customizables_engine_rk\/turbo\/engine_rk_turbo_intercooler.jbeam",
            "e7fb2494b2362f16"
        ],
        [
            "vehicles\/common\/customizables_engine_rk\/turbo\/supercharger_sound.jbeam",
            "1b58bfe85cc90e12"
        ],
        [
            "vehicles\/common\/customizables_engine_rk\/turbo\/Turbo_bearings.jbeam",
            "1427ba8bdecf697b"
        ],
        [
            "vehicles\/common\/customizables_engine_rk\/turbo\/exhaust_housing.jbeam",
            "78615dd229a7488d"
        ],
        [
            "vehicles\/common\/customizables_engine_rk\/turbo\/supercharger.jbeam",
            "fc9716649f5f2cce"
        ],
        [
            "vehicles\/common\/customizables_engine_rk\/turbo\/wastegate.jbeam",
            "c70921087aa8a5fb"
        ],
        [
            "vehicles\/common\/customizables_engine_rk\/turbo\/turbine_wheel.jbeam",
            "502ff7650e6c85a8"
        ],
        [
            "vehicles\/common\/customizables_engine_rk\/turbo\/oillines.jbeam",
            "50c5884b7d1fe858"
        ],
        [
            "vehicles\/common\/customizables_engine_rk\/turbo\/blowoff.jbeam",
            "df405fd974d75dff"
        ],
        [
            "vehicles\/common\/customizables_engine_rk\/turbo\/supercharger_parts_root.jbeam",
            "bdc55c204681b89a"
        ],
        [
            "vehicles\/common\/customizables_engine_rk\/turbo\/compressor_wheel.jbeam",
            "14f93fd84c85161c"
        ],
        [
            "vehicles\/common\/customizables_engine_rk\/turbo\/engine_rk_boostpipe.jbeam",
            "c904523a9f160347"
        ],
        [
            "vehicles\/common\/customizables_engine_rk\/Modifer_list_rk.txt",
            "b398e493c6dbe200"
        ],
        [
            "vehicles\/common\/customizables_engine_rk\/cylinderhead\/engine_rk_headmaterial.jbeam",
            "aa75e1d43d48c390"
        ],
        [
            "vehicles\/common\/customizables_engine_rk\/cylinderhead\/engine_rk_valvessprings.jbeam",
            "668e45ff898b2248"
        ],
        [
            "vehicles\/common\/customizables_engine_rk\/cylinderhead\/torque\/engine_rk_vvti.jbeam",
            "ced21a0cb115b7ca"
        ],
        [
            "vehicles\/common\/customizables_engine_rk\/cylinderhead\/torque\/engine_rk_headgasket.jbeam",
            "d03ad25d795cee15"
        ],
        [
            "vehicles\/common\/customizables_engine_rk\/cylinderhead\/torque\/engine_rk_vtec.jbeam",
            "7f1701102760b36f"
        ],
        [
            "vehicles\/common\/customizables_engine_rk\/cylinderhead\/torque\/engine_rk_ignition.jbeam",
            "83ada4e6d70c8747"
        ],
        [
            "vehicles\/common\/customizables_engine_rk\/cylinderhead\/torque\/desktop.ini",
            "fb3e1a855addf4fd"
        ],
        [
            "vehicles\/common\/customizables_engine_rk\/cylinderhead\/engine_rk_valvelifter.jbeam",
            "261b3f1ad303b559"
        ],
        [
            "vehicles\/common\/customizables_engine_rk\/cylinderhead\/engine_rk_headbolts.jbeam",
            "5bbfbe4fd6ae01f3"
        ],
        [
            "vehicles\/common\/customizables_engine_rk\/new 1.txt",
            "c4e0d2b2814b311a"
        ],
        [
            "vehicles\/common\/customizables_engine_rk\/block\/engine_rk_oilpan.jbeam",
            "3942a653375a17e1"
        ],
        [
            "vehicles\/common\/customizables_engine_rk\/block\/engine_rk_pistonbolts.jbeam",
            "a40d6cc949936f6a"
        ],
        [
            "vehicles\/common\/customizables_engine_rk\/block\/engine_rk_crankshaft_mainbearing_cap.jbeam",
            "e67171703d9cade2"
        ],
        [
            "vehicles\/common\/customizables_engine_rk\/block\/engine_rk_pistoncooling.jbeam",
            "4efdfa059c13a65d"
        ],
        [
            "vehicles\/common\/customizables_engine_rk\/block\/engine_rk_connectingrods.jbeam",
            "82107ff100f0b2f0"
        ],
        [
            "vehicles\/common\/customizables_engine_rk\/block\/engine_rk_main_bearing_struds.jbeam",
            "baab7563e1bdb541"
        ],
        [
            "vehicles\/common\/customizables_engine_rk\/block\/torque\/engine_rk_piston.jbeam",
            "c29610d73ca62587"
        ],
        [
            "vehicles\/common\/customizables_engine_rk\/block\/torque\/engine_rk_pistonrings.jbeam",
            "582b4826c9922c77"
        ],
        [
            "vehicles\/common\/customizables_engine_rk\/block\/torque\/engine_rk_main_bearing.jbeam",
            "4964a53e3519dee9"
        ],
        [
            "vehicles\/common\/customizables_engine_rk\/block\/torque\/engine_rk_cylinderliner.jbeam",
            "27dc1f7f25996240"
        ],
        [
            "vehicles\/common\/customizables_engine_rk\/block\/torque\/engine_rk_connectingrods_bearing.jbeam",
            "161979bec3f33e9f"
        ],
        [
            "vehicles\/common\/customizables_engine_rk\/block\/engine_rk_blockmaterial.jbeam",
            "e8a9207896292734"
        ],
        [
            "vehicles\/common\/customizables_engine_rk\/intake\/torque\/engine_rk_chargepipe.jbeam",
            "be2d42be324f87fa"
        ],
        [
            "vehicles\/common\/customizables_engine_rk\/intake\/torque\/engine_rk_intakemanifold.jbeam",
            "ff80823cbdf8bea8"
        ],
        [
            "vehicles\/common\/customizables_engine_rk\/intake\/torque\/engine_rk_throttlevalve.jbeam",
            "73f51ca75854b360"
        ],
        [
            "vehicles\/common\/customizables_engine_rk\/intake\/torque\/engine_rk_airfilter.jbeam",
            "c219c2db29e71bc9"
        ],
        [
            "vehicles\/common\/customizables_engine_rk\/diesel\/engine_rk_fuelinjection_diesel.jbeam",
            "2a0c4fefe4c6f4d1"
        ],
        [
            "vehicles\/common\/customizables_engine_rk\/diesel\/engine_rk_fuelpump_diesel.jbeam",
            "e6faa4ed1376ae4d"
        ],
        [
            "vehicles\/common\/customizables_engine_rk\/diesel\/engine_rk_cat_diesel.jbeam",
            "a32a5665f9e3bebf"
        ],
        [
            "vehicles\/common\/customizables_engine_rk\/diesel\/engine_rk_ECU_diesel.jbeam",
            "5c8977573427985e"
        ],
        [
            "vehicles\/common\/customizables_engine_rk\/diesel\/engine_rk_EGR.jbeam",
            "179157063fbaf162"
        ],
        [
            "vehicles\/common\/customizables_engine_rk\/diesel\/engine_v8_headgasket_diesel.jbeam",
            "520c6fde10ee3ec4"
        ],
        [
            "vehicles\/common\/customizables_engine_rk\/diesel\/engine_rk_fueltype_diesel.jbeam",
            "20db1f2608020d4c"
        ],
        [
            "vehicles\/common\/customizables_engine_rk\/diesel\/v8\/engine_v8_crankshaft_diesel.jbeam",
            "7ee1e53c6f073825"
        ],
        [
            "vehicles\/common\/customizables_engine_rk\/diesel\/v8\/engine_v8_cylinderheads_diesel.jbeam",
            "9813349ef0fd0933"
        ],
        [
            "vehicles\/common\/customizables_engine_rk\/diesel\/v8\/engine_v8_engineblock_diesel.jbeam",
            "e9643990a84896e5"
        ],
        [
            "vehicles\/common\/customizables_engine_rk\/engine specific\/f4\/engine_rk_cylinderheads.jbeam",
            "b9f264feb53dd034"
        ],
        [
            "vehicles\/common\/customizables_engine_rk\/engine specific\/f4\/engine_rk_starter.jbeam",
            "becdaefc05972298"
        ],
        [
            "vehicles\/common\/customizables_engine_rk\/engine specific\/f4\/engine_rk_valves_ex.jbeam",
            "9b1bc823d3adcea6"
        ],
        [
            "vehicles\/common\/customizables_engine_rk\/engine specific\/f4\/engine_rk_exhaustheader.jbeam",
            "827d0c8641bb2856"
        ],
        [
            "vehicles\/common\/customizables_engine_rk\/engine specific\/f4\/engine_rk_fuelinjection.jbeam",
            "46c83a77ca05450b"
        ],
        [
            "vehicles\/common\/customizables_engine_rk\/engine specific\/f4\/engine_rk_crankshaft.jbeam",
            "f6f8754de75d0485"
        ],
        [
            "vehicles\/common\/customizables_engine_rk\/engine specific\/f4\/engine_rk_engineblock.jbeam",
            "a223e7578d07d842"
        ],
        [
            "vehicles\/common\/customizables_engine_rk\/engine specific\/f4\/engine_rk_presets.jbeam",
            "c3507d924648d621"
        ],
        [
            "vehicles\/common\/customizables_engine_rk\/engine specific\/f4\/engine_rk_camshaft.jbeam",
            "189030efaec98afd"
        ],
        [
            "vehicles\/common\/customizables_engine_rk\/engine specific\/f4\/engine_rk_valves_in.jbeam",
            "3347d6b6ce2bb0e0"
        ],
        [
            "vehicles\/common\/customizables_engine_rk\/engine specific\/v10\/engine_rk_cylinderheads.jbeam",
            "c97a0f3d4dea1779"
        ],
        [
            "vehicles\/common\/customizables_engine_rk\/engine specific\/v10\/engine_rk_starter.jbeam",
            "b8580f21ad8528bd"
        ],
        [
            "vehicles\/common\/customizables_engine_rk\/engine specific\/v10\/engine_rk_valves_ex.jbeam",
            "6d0d5848b8f93d4e"
        ],
        [
            "vehicles\/common\/customizables_engine_rk\/engine specific\/v10\/engine_rk_exhaustheader.jbeam",
            "357d1a899295148f"
        ],
        [
            "vehicles\/common\/customizables_engine_rk\/engine specific\/v10\/engine_rk_fuelinjection.jbeam",
            "c60b42d7506cb8c1"
        ],
        [
            "vehicles\/common\/customizables_engine_rk\/engine specific\/v10\/engine_rk_crankshaft.jbeam",
            "ab5c4751e78571c2"
        ],
        [
            "vehicles\/common\/customizables_engine_rk\/engine specific\/v10\/engine_rk_camshaft.jbeam",
            "5fe92f9495b01ccc"
        ],
        [
            "vehicles\/common\/customizables_engine_rk\/engine specific\/v10\/engine_v10_engineblock.jbeam",
            "3d0aa6996f901f98"
        ],
        [
            "vehicles\/common\/customizables_engine_rk\/engine specific\/v10\/engine_rk_valves_in.jbeam",
            "4a783f9acfe8c250"
        ],
        [
            "vehicles\/common\/customizables_engine_rk\/engine specific\/i3\/engine_rk_i3_sound.jbeam",
            "ba2d3a638ce5d152"
        ],
        [
            "vehicles\/common\/customizables_engine_rk\/engine specific\/i3\/engine_rk_cylinderheads.jbeam",
            "49b4e99620316d40"
        ],
        [
            "vehicles\/common\/customizables_engine_rk\/engine specific\/i3\/engine_rk_starter.jbeam",
            "f28cea9a7fb7dc73"
        ],
        [
            "vehicles\/common\/customizables_engine_rk\/engine specific\/i3\/engine_rk_valves_ex.jbeam",
            "a7811009af8aee77"
        ],
        [
            "vehicles\/common\/customizables_engine_rk\/engine specific\/i3\/engine_rk_exhaustheader.jbeam",
            "cbd5f34fd4355875"
        ],
        [
            "vehicles\/common\/customizables_engine_rk\/engine specific\/i3\/engine_rk_fuelinjection.jbeam",
            "ec850c8e6d523616"
        ],
        [
            "vehicles\/common\/customizables_engine_rk\/engine specific\/i3\/engine_rk_crankshaft.jbeam",
            "fa6ae0720b1c72e4"
        ],
        [
            "vehicles\/common\/customizables_engine_rk\/engine specific\/i3\/engine_rk_engineblock.jbeam",
            "da5f93b008c425c8"
        ],
        [
            "vehicles\/common\/customizables_engine_rk\/engine specific\/i3\/engine_rk_camshaft.jbeam",
            "bad1eb6b8cfb155b"
        ],
        [
            "vehicles\/common\/customizables_engine_rk\/engine specific\/i3\/engine_rk_valves_in.jbeam",
            "f38da7870537823c"
        ],
        [
            "vehicles\/common\/customizables_engine_rk\/engine specific\/f6\/engine_rk_cylinderheads.jbeam",
            "232c8152938fde7b"
        ],
        [
            "vehicles\/common\/customizables_engine_rk\/engine specific\/f6\/engine_rk_starter.jbeam",
            "a613d3b8a6362532"
        ],
        [
            "vehicles\/common\/customizables_engine_rk\/engine specific\/f6\/engine_rk_valves_ex.jbeam",
            "312c3b3eb8e9cb47"
        ],
        [
            "vehicles\/common\/customizables_engine_rk\/engine specific\/f6\/engine_rk_exhaustheader.jbeam",
            "a7dbe12a7e692b7f"
        ],
        [
            "vehicles\/common\/customizables_engine_rk\/engine specific\/f6\/engine_rk_fuelinjection.jbeam",
            "90b43cce17c77c35"
        ],
        [
            "vehicles\/common\/customizables_engine_rk\/engine specific\/f6\/engine_rk_crankshaft.jbeam",
            "d2b1cb4eacfd8e88"
        ],
        [
            "vehicles\/common\/customizables_engine_rk\/engine specific\/f6\/engine_rk_engineblock.jbeam",
            "5789bf4bae486d39"
        ],
        [
            "vehicles\/common\/customizables_engine_rk\/engine specific\/f6\/engine_rk_camshaft.jbeam",
            "0089446508a582eb"
        ],
        [
            "vehicles\/common\/customizables_engine_rk\/engine specific\/f6\/engine_rk_valves_in.jbeam",
            "32d128e141a66d1a"
        ],
        [
            "vehicles\/common\/customizables_engine_rk\/engine specific\/i6\/engine_rk_cylinderheads.jbeam",
            "6e2be1ad9e5ce86c"
        ],
        [
            "vehicles\/common\/customizables_engine_rk\/engine specific\/i6\/engine_rk_starter.jbeam",
            "c77fb381e8dfa853"
        ],
        [
            "vehicles\/common\/customizables_engine_rk\/engine specific\/i6\/engine_rk_valves_ex.jbeam",
            "c2f1f91d21c7d247"
        ],
        [
            "vehicles\/common\/customizables_engine_rk\/engine specific\/i6\/engine_rk_exhaustheader.jbeam",
            "e9b920c272bd80f0"
        ],
        [
            "vehicles\/common\/customizables_engine_rk\/engine specific\/i6\/engine_rk_fuelinjection.jbeam",
            "bbd6917a2f40f5ee"
        ],
        [
            "vehicles\/common\/customizables_engine_rk\/engine specific\/i6\/engine_rk_crankshaft.jbeam",
            "a024e7bd3f476b60"
        ],
        [
            "vehicles\/common\/customizables_engine_rk\/engine specific\/i6\/engine_rk_engineblock.jbeam",
            "33fcc952190a52ed"
        ],
        [
            "vehicles\/common\/customizables_engine_rk\/engine specific\/i6\/engine_rk_camshaft.jbeam",
            "f611f053efc23927"
        ],
        [
            "vehicles\/common\/customizables_engine_rk\/engine specific\/i6\/engine_rk_valves_in.jbeam",
            "ead985f014fa6cdc"
        ],
        [
            "vehicles\/common\/customizables_engine_rk\/engine specific\/v16\/engine_rk_cylinderheads.jbeam",
            "11468144144c33f7"
        ],
        [
            "vehicles\/common\/customizables_engine_rk\/engine specific\/v16\/engine_rk_starter.jbeam",
            "847b3d3f35caad49"
        ],
        [
            "vehicles\/common\/customizables_engine_rk\/engine specific\/v16\/engine_rk_valves_ex.jbeam",
            "04bff868ae9134ac"
        ],
        [
            "vehicles\/common\/customizables_engine_rk\/engine specific\/v16\/engine_rk_exhaustheader.jbeam",
            "dbd6a8bfa9cffbf4"
        ],
        [
            "vehicles\/common\/customizables_engine_rk\/engine specific\/v16\/engine_rk_fuelinjection.jbeam",
            "ac943a7642686428"
        ],
        [
            "vehicles\/common\/customizables_engine_rk\/engine specific\/v16\/engine_rk_crankshaft.jbeam",
            "b7c2ae5b1c4b0f74"
        ],
        [
            "vehicles\/common\/customizables_engine_rk\/engine specific\/v16\/engine_v8_engineblock.jbeam",
            "39743eb338354247"
        ],
        [
            "vehicles\/common\/customizables_engine_rk\/engine specific\/v16\/engine_rk_camshaft.jbeam",
            "d284b304ec165b21"
        ],
        [
            "vehicles\/common\/customizables_engine_rk\/engine specific\/v16\/engine_rk_valves_in.jbeam",
            "1403b3a784b9b1aa"
        ],
        [
            "vehicles\/common\/customizables_engine_rk\/engine specific\/i5\/engine_rk_cylinderheads.jbeam",
            "3271f392ca451f4a"
        ],
        [
            "vehicles\/common\/customizables_engine_rk\/engine specific\/i5\/engine_rk_starter.jbeam",
            "24da97cd8344517e"
        ],
        [
            "vehicles\/common\/customizables_engine_rk\/engine specific\/i5\/engine_rk_valves_ex.jbeam",
            "a62217622ec7e2f7"
        ],
        [
            "vehicles\/common\/customizables_engine_rk\/engine specific\/i5\/engine_rk_exhaustheader.jbeam",
            "f11f888ff6747b39"
        ],
        [
            "vehicles\/common\/customizables_engine_rk\/engine specific\/i5\/engine_rk_fuelinjection.jbeam",
            "10099c545d28c8e2"
        ],
        [
            "vehicles\/common\/customizables_engine_rk\/engine specific\/i5\/engine_rk_crankshaft.jbeam",
            "d1e58fe5297471e0"
        ],
        [
            "vehicles\/common\/customizables_engine_rk\/engine specific\/i5\/engine_rk_engineblock.jbeam",
            "843b0287e4186233"
        ],
        [
            "vehicles\/common\/customizables_engine_rk\/engine specific\/i5\/engine_rk_camshaft.jbeam",
            "2a4bf85fd9c4aa47"
        ],
        [
            "vehicles\/common\/customizables_engine_rk\/engine specific\/i5\/engine_rk_valves_in.jbeam",
            "155721dccb02bf04"
        ],
        [
            "vehicles\/common\/customizables_engine_rk\/engine specific\/i4\/engine_rk_cylinderheads.jbeam",
            "149d394419415f63"
        ],
        [
            "vehicles\/common\/customizables_engine_rk\/engine specific\/i4\/engine_rk_starter.jbeam",
            "f0f8dad83d1c965d"
        ],
        [
            "vehicles\/common\/customizables_engine_rk\/engine specific\/i4\/engine_rk_valves_ex.jbeam",
            "75004dfc5f8fe011"
        ],
        [
            "vehicles\/common\/customizables_engine_rk\/engine specific\/i4\/engine_rk_exhaustheader.jbeam",
            "9149a124d6020a30"
        ],
        [
            "vehicles\/common\/customizables_engine_rk\/engine specific\/i4\/engine_rk_fuelinjection.jbeam",
            "f8348de2e91f22fb"
        ],
        [
            "vehicles\/common\/customizables_engine_rk\/engine specific\/i4\/engine_rk_crankshaft.jbeam",
            "885a1f7964619ffc"
        ],
        [
            "vehicles\/common\/customizables_engine_rk\/engine specific\/i4\/engine_rk_engineblock.jbeam",
            "756b872674c06c06"
        ],
        [
            "vehicles\/common\/customizables_engine_rk\/engine specific\/i4\/engine_rk_camshaft.jbeam",
            "26e6f67c80977388"
        ],
        [
            "vehicles\/common\/customizables_engine_rk\/engine specific\/i4\/engine_rk_i4_sound.jbeam",
            "1109d330e2a63bda"
        ],
        [
            "vehicles\/common\/customizables_engine_rk\/engine specific\/i4\/engine_rk_valves_in.jbeam",
            "18df70ccb0c14cf4"
        ],
        [
            "vehicles\/common\/customizables_engine_rk\/engine specific\/v6\/engine_rk_cylinderheads.jbeam",
            "dbca527486c8f20e"
        ],
        [
            "vehicles\/common\/customizables_engine_rk\/engine specific\/v6\/engine_rk_starter.jbeam",
            "b7fbb755cb395144"
        ],
        [
            "vehicles\/common\/customizables_engine_rk\/engine specific\/v6\/engine_rk_valves_ex.jbeam",
            "abc30ec90821a939"
        ],
        [
            "vehicles\/common\/customizables_engine_rk\/engine specific\/v6\/engine_rk_exhaustheader.jbeam",
            "22e72422b475a0ae"
        ],
        [
            "vehicles\/common\/customizables_engine_rk\/engine specific\/v6\/engine_rk_fuelinjection.jbeam",
            "1d17beaba53491b7"
        ],
        [
            "vehicles\/common\/customizables_engine_rk\/engine specific\/v6\/engine_rk_crankshaft.jbeam",
            "b2c628148c9259f1"
        ],
        [
            "vehicles\/common\/customizables_engine_rk\/engine specific\/v6\/engine_rk_engineblock.jbeam",
            "d94fc46eb8b40156"
        ],
        [
            "vehicles\/common\/customizables_engine_rk\/engine specific\/v6\/engine_rk_camshaft.jbeam",
            "f611f053efc23927"
        ],
        [
            "vehicles\/common\/customizables_engine_rk\/engine specific\/v6\/engine_rk_valves_in.jbeam",
            "725fa719ab07261d"
        ],
        [
            "vehicles\/common\/customizables_engine_rk\/engine specific\/v12\/engine_rk_cylinderheads.jbeam",
            "4c0d1f29e7236f7c"
        ],
        [
            "vehicles\/common\/customizables_engine_rk\/engine specific\/v12\/engine_rk_starter.jbeam",
            "64d57a477adbbf23"
        ],
        [
            "vehicles\/common\/customizables_engine_rk\/engine specific\/v12\/engine_rk_valves_ex.jbeam",
            "709f41baabe9387d"
        ],
        [
            "vehicles\/common\/customizables_engine_rk\/engine specific\/v12\/engine_rk_exhaustheader.jbeam",
            "383131d88820bf4c"
        ],
        [
            "vehicles\/common\/customizables_engine_rk\/engine specific\/v12\/engine_rk_fuelinjection.jbeam",
            "e05eab4084897542"
        ],
        [
            "vehicles\/common\/customizables_engine_rk\/engine specific\/v12\/engine_rk_crankshaft.jbeam",
            "5ec32dcb74395539"
        ],
        [
            "vehicles\/common\/customizables_engine_rk\/engine specific\/v12\/engine_v8_engineblock.jbeam",
            "04a3982bb662f9fd"
        ],
        [
            "vehicles\/common\/customizables_engine_rk\/engine specific\/v12\/engine_rk_camshaft.jbeam",
            "425a737ee5357b67"
        ],
        [
            "vehicles\/common\/customizables_engine_rk\/engine specific\/v12\/engine_rk_valves_in.jbeam",
            "974ce86283ca4d35"
        ],
        [
            "vehicles\/common\/customizables_engine_rk\/engine specific\/v8\/engine_rk_cylinderheads.jbeam",
            "82e6016fa6a278fe"
        ],
        [
            "vehicles\/common\/customizables_engine_rk\/engine specific\/v8\/engine_rk_starter.jbeam",
            "86d63590328a4f48"
        ],
        [
            "vehicles\/common\/customizables_engine_rk\/engine specific\/v8\/engine_rk_valves_ex.jbeam",
            "475abd26976297a4"
        ],
        [
            "vehicles\/common\/customizables_engine_rk\/engine specific\/v8\/engine_rk_exhaustheader.jbeam",
            "ca6484f5970bb5d0"
        ],
        [
            "vehicles\/common\/customizables_engine_rk\/engine specific\/v8\/engine_rk_fuelinjection.jbeam",
            "108d10c23da4479b"
        ],
        [
            "vehicles\/common\/customizables_engine_rk\/engine specific\/v8\/engine_rk_crankshaft.jbeam",
            "b44600cf85fa78aa"
        ],
        [
            "vehicles\/common\/customizables_engine_rk\/engine specific\/v8\/engine_v8_engineblock.jbeam",
            "44e5fcfdf8bddb66"
        ],
        [
            "vehicles\/common\/customizables_engine_rk\/engine specific\/v8\/engine_v8_flatplane_sound.jbeam",
            "8fa5dd0144dfdfe9"
        ],
        [
            "vehicles\/common\/customizables_engine_rk\/engine specific\/v8\/engine_rk_camshaft.jbeam",
            "63913818f8b5449a"
        ],
        [
            "vehicles\/common\/customizables_engine_rk\/engine specific\/v8\/engine_rk_valves_in.jbeam",
            "7b9f677313c1bb9c"
        ],
        [
            "vehicles\/common\/customizables_engine_rk\/ToDo.txt",
            "877fa9ba639033d8"
        ],
        [
            "vehicles\/common\/customizables_engine_rk\/others\/engine_rk_timing.jbeam",
            "03835f6ecd894045"
        ],
        [
            "vehicles\/common\/customizables_engine_rk\/others\/engine_rk_oilfilter.jbeam",
            "efb578e688788585"
        ],
        [
            "vehicles\/common\/customizables_engine_rk\/others\/engine_rk_waterpipes.jbeam",
            "f1de51138e235916"
        ],
        [
            "vehicles\/common\/customizables_engine_rk\/others\/engine_rk_twostep.jbeam",
            "c2aeb16bb18ff46c"
        ],
        [
            "vehicles\/common\/customizables_engine_rk\/others\/engine_rk_crankcase_vent.jbeam",
            "8d3831eedbc7bc72"
        ],
        [
            "vehicles\/common\/customizables_engine_rk\/others\/engine_rk_water_reservoir.jbeam",
            "78d20d6ecd0310f5"
        ],
        [
            "vehicles\/common\/customizables_engine_rk\/others\/torque\/engine_rk_ECU.jbeam",
            "5f3fa5b1a5e698c4"
        ],
        [
            "vehicles\/common\/customizables_engine_rk\/others\/torque\/engine_rk_watermeth.jbeam",
            "671676d457f4b74e"
        ],
        [
            "vehicles\/common\/customizables_engine_rk\/others\/torque\/engine_rk_fuelpump.jbeam",
            "87b884268e2cadff"
        ],
        [
            "vehicles\/common\/customizables_engine_rk\/others\/torque\/engine_rk_fueltype.jbeam",
            "b707403815d1766c"
        ],
        [
            "vehicles\/common\/customizables_engine_rk\/others\/torque\/engine_rk_alternator.jbeam",
            "69088cd74f4864dd"
        ],
        [
            "vehicles\/common\/customizables_engine_rk\/others\/engine_rk_damper.jbeam",
            "1dfb89821fd01160"
        ],
        [
            "vehicles\/common\/customizables_engine_rk\/others\/ecu addons\/engine_rk_valveexhaust_lowhighmap.jbeam",
            "4439e534884c49e2"
        ],
        [
            "vehicles\/common\/customizables_engine_rk\/others\/engine_rk_oilpump.jbeam",
            "b212e213b3a412ad"
        ],
        [
            "vehicles\/pessima\/customazible_engine_rk\/engine_I6.jbeam",
            "3f81f29889c22757"
        ],
        [
            "vehicles\/pessima\/customazible_engine_rk\/engine_v10.jbeam",
            "08a1f0c27a8d8aa9"
        ],
        [
            "vehicles\/pessima\/customazible_engine_rk\/engine_I4.jbeam",
            "d08d932bc701d4c4"
        ],
        [
            "vehicles\/pessima\/customazible_engine_rk\/engine_v8.jbeam",
            "2e35da0b31c0b9f6"
        ],
        [
            "vehicles\/pessima\/customazible_engine_rk\/engine_i5_cooler.jbeam",
            "21f55ad84dd99828"
        ],
        [
            "vehicles\/pessima\/customazible_engine_rk\/engine_i3.jbeam",
            "617443bc0ca9cb20"
        ],
        [
            "vehicles\/pessima\/customazible_engine_rk\/engine_f6.jbeam",
            "f7ad3e1f743e88ea"
        ],
        [
            "vehicles\/pessima\/customazible_engine_rk\/engine_v16.jbeam",
            "5fd5af601160deeb"
        ],
        [
            "vehicles\/pessima\/customazible_engine_rk\/engine_i5_exhaust.jbeam",
            "d66ef6c41ec109c0"
        ],
        [
            "vehicles\/pessima\/customazible_engine_rk\/engine_v8_diesel.jbeam",
            "8ad48e1f76336dc7"
        ],
        [
            "vehicles\/pessima\/customazible_engine_rk\/engine_I5.jbeam",
            "02db6f828a24f50b"
        ],
        [
            "vehicles\/pessima\/customazible_engine_rk\/engine_f4.jbeam",
            "e8f03fb7ad45b63e"
        ],
        [
            "vehicles\/pessima\/customazible_engine_rk\/engine_v12.jbeam",
            "3deaa0034dc2a03e"
        ],
        [
            "vehicles\/pessima\/customazible_engine_rk\/engine_v6.jbeam",
            "18e6c1a3a5bc38c1"
        ],
        [
            "vehicles\/pessima\/customazible_engine_rk\/fueltank_diesel_rk.jbeam",
            "adbb1a96acdfc41a"
        ],
        [
            "vehicles\/van\/customazible_engine_rk\/engine_v8_exhaust.jbeam",
            "3f15bd297e1a33bd"
        ],
        [
            "vehicles\/van\/customazible_engine_rk\/engine_I6.jbeam",
            "249c840edf5a7392"
        ],
        [
            "vehicles\/van\/customazible_engine_rk\/engine_v10.jbeam",
            "343e9f92b9d1a264"
        ],
        [
            "vehicles\/van\/customazible_engine_rk\/engine_I4.jbeam",
            "83fdd906edd6a52d"
        ],
        [
            "vehicles\/van\/customazible_engine_rk\/engine_v8.jbeam",
            "8c0614dd626dff1e"
        ],
        [
            "vehicles\/van\/customazible_engine_rk\/engine_i3.jbeam",
            "253a15c506018165"
        ],
        [
            "vehicles\/van\/customazible_engine_rk\/engine_f6.jbeam",
            "5694def580f3274f"
        ],
        [
            "vehicles\/van\/customazible_engine_rk\/engine_v16.jbeam",
            "31815e3a18b07db6"
        ],
        [
            "vehicles\/van\/customazible_engine_rk\/engine_v8_diesel.jbeam",
            "46ebd7ff5a93df53"
        ],
        [
            "vehicles\/van\/customazible_engine_rk\/engine_I5.jbeam",
            "6117563821a9fc0f"
        ],
        [
            "vehicles\/van\/customazible_engine_rk\/engine_v8_cooler.jbeam",
            "49e5f80b0fd539e1"
        ],
        [
            "vehicles\/van\/customazible_engine_rk\/engine_f4.jbeam",
            "5525ffdf93677bf6"
        ],
        [
            "vehicles\/van\/customazible_engine_rk\/engine_v12.jbeam",
            "ace699703aa26621"
        ],
        [
            "vehicles\/van\/customazible_engine_rk\/engine_v6.jbeam",
            "f9d353ee60cec322"
        ],
        [
            "vehicles\/roamer\/customazible_engine_rk\/engine_v8_exhaust.jbeam",
            "f00dd865c1538b3b"
        ],
        [
            "vehicles\/roamer\/customazible_engine_rk\/engine_I6.jbeam",
            "f1186cb3f4670e61"
        ],
        [
            "vehicles\/roamer\/customazible_engine_rk\/engine_v10.jbeam",
            "43097a9d2372db1c"
        ],
        [
            "vehicles\/roamer\/customazible_engine_rk\/engine_I4.jbeam",
            "0a82df42eaf48ae3"
        ],
        [
            "vehicles\/roamer\/customazible_engine_rk\/engine_v8.jbeam",
            "1f130456dddc970b"
        ],
        [
            "vehicles\/roamer\/customazible_engine_rk\/engine_i3.jbeam",
            "d6975c91c4d1dd9a"
        ],
        [
            "vehicles\/roamer\/customazible_engine_rk\/engine_f6.jbeam",
            "655e5d3735e502d4"
        ],
        [
            "vehicles\/roamer\/customazible_engine_rk\/engine_v16.jbeam",
            "21456ccb3e086db9"
        ],
        [
            "vehicles\/roamer\/customazible_engine_rk\/engine_v8_diesel.jbeam",
            "5f1f60e8b13f6580"
        ],
        [
            "vehicles\/roamer\/customazible_engine_rk\/engine_I5.jbeam",
            "a3e8338df53c5232"
        ],
        [
            "vehicles\/roamer\/customazible_engine_rk\/engine_v8_cooler.jbeam",
            "c5d7c912b3efbea3"
        ],
        [
            "vehicles\/roamer\/customazible_engine_rk\/engine_f4.jbeam",
            "4cbd7b449dfa8f3c"
        ],
        [
            "vehicles\/roamer\/customazible_engine_rk\/engine_v12.jbeam",
            "b4bb20591e040d2d"
        ],
        [
            "vehicles\/roamer\/customazible_engine_rk\/engine_v6.jbeam",
            "41dcd30e8aebf19c"
        ],
        [
            "vehicles\/legran\/customazible_engine_rk\/engine_I6.jbeam",
            "f8797cb583b60f62"
        ],
        [
            "vehicles\/legran\/customazible_engine_rk\/engine_v10.jbeam",
            "7b04fb7acb94324b"
        ],
        [
            "vehicles\/legran\/customazible_engine_rk\/engine_I4.jbeam",
            "6218f6a2312a20ea"
        ],
        [
            "vehicles\/legran\/customazible_engine_rk\/engine_v8.jbeam",
            "1c9154bdd606763c"
        ],
        [
            "vehicles\/legran\/customazible_engine_rk\/engine_i5_cooler.jbeam",
            "c29ef397c58a0823"
        ],
        [
            "vehicles\/legran\/customazible_engine_rk\/engine_i3.jbeam",
            "a1239dce5bcb4a30"
        ],
        [
            "vehicles\/legran\/customazible_engine_rk\/engine_f6.jbeam",
            "09a84f4415c8a84e"
        ],
        [
            "vehicles\/legran\/customazible_engine_rk\/engine_v16.jbeam",
            "d64a925eb8277664"
        ],
        [
            "vehicles\/legran\/customazible_engine_rk\/engine_i5_exhaust.jbeam",
            "b7b4ee892859ebc5"
        ],
        [
            "vehicles\/legran\/customazible_engine_rk\/engine_v8_diesel.jbeam",
            "6a3705072e06a2f4"
        ],
        [
            "vehicles\/legran\/customazible_engine_rk\/engine_I5.jbeam",
            "bbe4626de8d28048"
        ],
        [
            "vehicles\/legran\/customazible_engine_rk\/engine_f4.jbeam",
            "ae394afb00055325"
        ],
        [
            "vehicles\/legran\/customazible_engine_rk\/engine_v12.jbeam",
            "8e91cf9bebcc5021"
        ],
        [
            "vehicles\/legran\/customazible_engine_rk\/engine_v6.jbeam",
            "23de54e834d16432"
        ],
        [
            "vehicles\/legran\/customazible_engine_rk\/fueltank_diesel_rk.jbeam",
            "bac501b577f1c8f6"
        ],
        [
            "vehicles\/citybus\/customazible_engine_rk\/engine_v8_exhaust.jbeam",
            "aeb6b93d027f43e2"
        ],
        [
            "vehicles\/citybus\/customazible_engine_rk\/engine_I6.jbeam",
            "929d7beead4ef90f"
        ],
        [
            "vehicles\/citybus\/customazible_engine_rk\/engine_v10.jbeam",
            "c5b5e51a967043b3"
        ],
        [
            "vehicles\/citybus\/customazible_engine_rk\/engine_I4.jbeam",
            "bd27c45203766e19"
        ],
        [
            "vehicles\/citybus\/customazible_engine_rk\/engine_v8.jbeam",
            "1f2d80f1b8c14e35"
        ],
        [
            "vehicles\/citybus\/customazible_engine_rk\/engine_i3.jbeam",
            "9a48c56c3a34f0fc"
        ],
        [
            "vehicles\/citybus\/customazible_engine_rk\/engine_f6.jbeam",
            "a267248611dc819d"
        ],
        [
            "vehicles\/citybus\/customazible_engine_rk\/engine_v16.jbeam",
            "0f721088badfb788"
        ],
        [
            "vehicles\/citybus\/customazible_engine_rk\/engine_v8_diesel.jbeam",
            "a48e8c2e987e6915"
        ],
        [
            "vehicles\/citybus\/customazible_engine_rk\/engine_I5.jbeam",
            "e02b34a6594759dd"
        ],
        [
            "vehicles\/citybus\/customazible_engine_rk\/engine_v8_cooler.jbeam",
            "6802194957d32078"
        ],
        [
            "vehicles\/citybus\/customazible_engine_rk\/engine_v8_fueltank.jbeam",
            "1fcb7bd4a8422d4c"
        ],
        [
            "vehicles\/citybus\/customazible_engine_rk\/engine_f4.jbeam",
            "acfd2cf7d3e7542f"
        ],
        [
            "vehicles\/citybus\/customazible_engine_rk\/engine_v12.jbeam",
            "3442305267bb143d"
        ],
        [
            "vehicles\/citybus\/customazible_engine_rk\/engine_v6.jbeam",
            "a8fabf6a96d033e2"
        ],
        [
            "vehicles\/etkc\/customazible_engine_rk\/engine_I6.jbeam",
            "1c1c4229e17d6d1f"
        ],
        [
            "vehicles\/etkc\/customazible_engine_rk\/engine_v10.jbeam",
            "97ef88bed5ca3d1b"
        ],
        [
            "vehicles\/etkc\/customazible_engine_rk\/engine_I4.jbeam",
            "93b35a8674efd03a"
        ],
        [
            "vehicles\/etkc\/customazible_engine_rk\/engine_v8.jbeam",
            "f245e2b03f7dff2d"
        ],
        [
            "vehicles\/etkc\/customazible_engine_rk\/engine_i5_cooler.jbeam",
            "827c17344c903ff6"
        ],
        [
            "vehicles\/etkc\/customazible_engine_rk\/engine_i3.jbeam",
            "cd1e75fe82e6e2c0"
        ],
        [
            "vehicles\/etkc\/customazible_engine_rk\/engine_f6.jbeam",
            "8717b909929a69ab"
        ],
        [
            "vehicles\/etkc\/customazible_engine_rk\/engine_v16.jbeam",
            "0bf9c24b200cecf2"
        ],
        [
            "vehicles\/etkc\/customazible_engine_rk\/engine_i5_exhaust.jbeam",
            "a4a415c77d822c38"
        ],
        [
            "vehicles\/etkc\/customazible_engine_rk\/engine_v8_diesel.jbeam",
            "16944a4cd53ce6f6"
        ],
        [
            "vehicles\/etkc\/customazible_engine_rk\/engine_I5.jbeam",
            "f59358cda9624d40"
        ],
        [
            "vehicles\/etkc\/customazible_engine_rk\/engine_f4.jbeam",
            "a0815138bd75650a"
        ],
        [
            "vehicles\/etkc\/customazible_engine_rk\/engine_v12.jbeam",
            "5f4acad2c11d62e8"
        ],
        [
            "vehicles\/etkc\/customazible_engine_rk\/engine_v6.jbeam",
            "1b358431decc7ddc"
        ],
        [
            "vehicles\/autobello\/customazible_engine_rk\/engine_I6.jbeam",
            "a1d3cfd6d2c6d176"
        ],
        [
            "vehicles\/autobello\/customazible_engine_rk\/engine_v10.jbeam",
            "78ae83df46007fac"
        ],
        [
            "vehicles\/autobello\/customazible_engine_rk\/engine_I4.jbeam",
            "7e8a983f5bbd1c87"
        ],
        [
            "vehicles\/autobello\/customazible_engine_rk\/engine_v8.jbeam",
            "b0dcfeef9d83af55"
        ],
        [
            "vehicles\/autobello\/customazible_engine_rk\/engine_i3.jbeam",
            "7c28b4c5a0c12342"
        ],
        [
            "vehicles\/autobello\/customazible_engine_rk\/engine_rk_exhaust.jbeam",
            "105b8e426ba5a811"
        ],
        [
            "vehicles\/autobello\/customazible_engine_rk\/engine_f6.jbeam",
            "e0ab0073f6e8b869"
        ],
        [
            "vehicles\/autobello\/customazible_engine_rk\/engine_v16.jbeam",
            "59d84053cc03a0ce"
        ],
        [
            "vehicles\/autobello\/customazible_engine_rk\/engine_v8_diesel.jbeam",
            "32300f1535d02052"
        ],
        [
            "vehicles\/autobello\/customazible_engine_rk\/engine_I5.jbeam",
            "f2233c4892993a3e"
        ],
        [
            "vehicles\/autobello\/customazible_engine_rk\/engine_f4.jbeam",
            "c969827091a96f33"
        ],
        [
            "vehicles\/autobello\/customazible_engine_rk\/engine_v12.jbeam",
            "8039d96c1b588bc0"
        ],
        [
            "vehicles\/autobello\/customazible_engine_rk\/engine_v6.jbeam",
            "ae07c498a0e479dd"
        ],
        [
            "vehicles\/autobello\/customazible_engine_rk\/fueltank_diesel_rk.jbeam",
            "1dfacc0f01215684"
        ],
        [
            "vehicles\/autobello\/customazible_engine_rk\/engine_rk_cooler.jbeam",
            "9acdff5cfcd3c837"
        ],
        [
            "vehicles\/pigeon\/customazible_engine_rk\/engine_I6.jbeam",
            "e5a5ef7d441597ea"
        ],
        [
            "vehicles\/pigeon\/customazible_engine_rk\/engine_v10.jbeam",
            "c431a493316d8623"
        ],
        [
            "vehicles\/pigeon\/customazible_engine_rk\/engine_I4.jbeam",
            "33b31a49bb8269f3"
        ],
        [
            "vehicles\/pigeon\/customazible_engine_rk\/engine_v8.jbeam",
            "db48f68f0e052acc"
        ],
        [
            "vehicles\/pigeon\/customazible_engine_rk\/engine_i3.jbeam",
            "ae49b1a5178fd04e"
        ],
        [
            "vehicles\/pigeon\/customazible_engine_rk\/engine_f6.jbeam",
            "aa81a2f3865bdc90"
        ],
        [
            "vehicles\/pigeon\/customazible_engine_rk\/engine_v16.jbeam",
            "a67eb779add27f34"
        ],
        [
            "vehicles\/pigeon\/customazible_engine_rk\/engine_v8_diesel.jbeam",
            "6c505f2e5582e633"
        ],
        [
            "vehicles\/pigeon\/customazible_engine_rk\/engine_I5.jbeam",
            "d1b068dcce7261e3"
        ],
        [
            "vehicles\/pigeon\/customazible_engine_rk\/engine_v8_cooler.jbeam",
            "1ffe0023ee6380e8"
        ],
        [
            "vehicles\/pigeon\/customazible_engine_rk\/engine_f4.jbeam",
            "d8da36f4ffb48f81"
        ],
        [
            "vehicles\/pigeon\/customazible_engine_rk\/engine_v12.jbeam",
            "8666bd5d5d8c0c04"
        ],
        [
            "vehicles\/pigeon\/customazible_engine_rk\/engine_v6.jbeam",
            "416b6780e0939ecb"
        ],
        [
            "vehicles\/pigeon\/customazible_engine_rk\/engine_v8_exhaust_pigeon.jbeam",
            "bc074bc2a80a35ed"
        ],
        [
            "vehicles\/pigeon\/customazible_engine_rk\/fueltank_diesel_rk.jbeam",
            "b268f74de9baa3e3"
        ],
        [
            "vehicles\/burnside\/customazible_engine_rk\/engine_v8_exhaust.jbeam",
            "936ccb166939d038"
        ],
        [
            "vehicles\/burnside\/customazible_engine_rk\/engine_I6.jbeam",
            "679c1062498966e0"
        ],
        [
            "vehicles\/burnside\/customazible_engine_rk\/engine_v10.jbeam",
            "9788b179b9da115a"
        ],
        [
            "vehicles\/burnside\/customazible_engine_rk\/engine_I4.jbeam",
            "672ad683641bec65"
        ],
        [
            "vehicles\/burnside\/customazible_engine_rk\/engine_v8.jbeam",
            "cb0f35b3c46ad25f"
        ],
        [
            "vehicles\/burnside\/customazible_engine_rk\/engine_i3.jbeam",
            "48bbf6dfd19dd065"
        ],
        [
            "vehicles\/burnside\/customazible_engine_rk\/engine_f6.jbeam",
            "07c79764691df713"
        ],
        [
            "vehicles\/burnside\/customazible_engine_rk\/engine_v16.jbeam",
            "607abb918671b9dc"
        ],
        [
            "vehicles\/burnside\/customazible_engine_rk\/engine_v8_diesel.jbeam",
            "3b0a92289a26dad1"
        ],
        [
            "vehicles\/burnside\/customazible_engine_rk\/engine_I5.jbeam",
            "cdf614fa6791f665"
        ],
        [
            "vehicles\/burnside\/customazible_engine_rk\/engine_v8_cooler.jbeam",
            "2515fb970fbed255"
        ],
        [
            "vehicles\/burnside\/customazible_engine_rk\/engine_f4.jbeam",
            "4d759149708a335e"
        ],
        [
            "vehicles\/burnside\/customazible_engine_rk\/engine_v12.jbeam",
            "b49aca73046e776b"
        ],
        [
            "vehicles\/burnside\/customazible_engine_rk\/engine_v6.jbeam",
            "41296055201fe436"
        ],
        [
            "vehicles\/burnside\/customazible_engine_rk\/fueltank_diesel_rk.jbeam",
            "f4849547978ee1a2"
        ],
        [
            "vehicles\/bastion\/customazible_engine_rk\/engine_I6.jbeam",
            "6daf8e4edfe0fc57"
        ],
        [
            "vehicles\/bastion\/customazible_engine_rk\/engine_v10.jbeam",
            "ee94f6a61fb7e83b"
        ],
        [
            "vehicles\/bastion\/customazible_engine_rk\/engine_I4.jbeam",
            "9d5a95774fdb76eb"
        ],
        [
            "vehicles\/bastion\/customazible_engine_rk\/engine_v8.jbeam",
            "60676bacec6b1165"
        ],
        [
            "vehicles\/bastion\/customazible_engine_rk\/engine_i5_cooler.jbeam",
            "bf33fe0d085c8653"
        ],
        [
            "vehicles\/bastion\/customazible_engine_rk\/engine_i3.jbeam",
            "c720b9a886e68204"
        ],
        [
            "vehicles\/bastion\/customazible_engine_rk\/engine_f6.jbeam",
            "9b9d615b0becfd03"
        ],
        [
            "vehicles\/bastion\/customazible_engine_rk\/engine_v16.jbeam",
            "1c54a73b99e2cb43"
        ],
        [
            "vehicles\/bastion\/customazible_engine_rk\/engine_i5_exhaust.jbeam",
            "6fbbfd1d47ec77fa"
        ],
        [
            "vehicles\/bastion\/customazible_engine_rk\/engine_v8_diesel.jbeam",
            "245800aaf6194b1d"
        ],
        [
            "vehicles\/bastion\/customazible_engine_rk\/engine_I5.jbeam",
            "ff584e75b0750e04"
        ],
        [
            "vehicles\/bastion\/customazible_engine_rk\/engine_f4.jbeam",
            "562acb4229befdff"
        ],
        [
            "vehicles\/bastion\/customazible_engine_rk\/engine_v12.jbeam",
            "81499017fa473f65"
        ],
        [
            "vehicles\/bastion\/customazible_engine_rk\/engine_v6.jbeam",
            "58fc02cb8728cc15"
        ],
        [
            "vehicles\/bastion\/customazible_engine_rk\/fueltank_diesel_rk.jbeam",
            "29c61e002fd954ac"
        ],
        [
            "vehicles\/pickup\/customazible_engine_rk\/engine_v8_exhaust.jbeam",
            "a92211193bad561b"
        ],
        [
            "vehicles\/pickup\/customazible_engine_rk\/engine_I6.jbeam",
            "c68cd60782847fd6"
        ],
        [
            "vehicles\/pickup\/customazible_engine_rk\/engine_v10.jbeam",
            "5c80a678363beb59"
        ],
        [
            "vehicles\/pickup\/customazible_engine_rk\/engine_I4.jbeam",
            "6937a1f0e262d5d6"
        ],
        [
            "vehicles\/pickup\/customazible_engine_rk\/engine_v8.jbeam",
            "3d3f63cb6155f151"
        ],
        [
            "vehicles\/pickup\/customazible_engine_rk\/engine_i3.jbeam",
            "49c0c7636c6aa607"
        ],
        [
            "vehicles\/pickup\/customazible_engine_rk\/engine_f6.jbeam",
            "c8f8a5cdacce3054"
        ],
        [
            "vehicles\/pickup\/customazible_engine_rk\/engine_v16.jbeam",
            "7a1c1655b163079a"
        ],
        [
            "vehicles\/pickup\/customazible_engine_rk\/engine_v8_diesel.jbeam",
            "4899a92189df20ca"
        ],
        [
            "vehicles\/pickup\/customazible_engine_rk\/engine_I5.jbeam",
            "555ecbe2923d3518"
        ],
        [
            "vehicles\/pickup\/customazible_engine_rk\/engine_v8_cooler.jbeam",
            "03373f392c2a36e2"
        ],
        [
            "vehicles\/pickup\/customazible_engine_rk\/engine_f4.jbeam",
            "09d5a1da2de39ce9"
        ],
        [
            "vehicles\/pickup\/customazible_engine_rk\/engine_v12.jbeam",
            "2916a1d395106f11"
        ],
        [
            "vehicles\/pickup\/customazible_engine_rk\/engine_v6.jbeam",
            "7edf168e1533d96a"
        ],
        [
            "vehicles\/bolide\/customazible_engine_rk\/engine_v8_exhaust.jbeam",
            "1d93c8e35ce3632d"
        ],
        [
            "vehicles\/bolide\/customazible_engine_rk\/engine_I6.jbeam",
            "95c8bfecefd6fa55"
        ],
        [
            "vehicles\/bolide\/customazible_engine_rk\/engine_v10.jbeam",
            "b5a8d71ba57fb999"
        ],
        [
            "vehicles\/bolide\/customazible_engine_rk\/engine_I4.jbeam",
            "e9a592d9ac1edfc6"
        ],
        [
            "vehicles\/bolide\/customazible_engine_rk\/engine_v8.jbeam",
            "ffd2ddf180a8dfaf"
        ],
        [
            "vehicles\/bolide\/customazible_engine_rk\/engine_i3.jbeam",
            "de33f05121f898ce"
        ],
        [
            "vehicles\/bolide\/customazible_engine_rk\/engine_f6.jbeam",
            "b08b9bdaf0f143df"
        ],
        [
            "vehicles\/bolide\/customazible_engine_rk\/engine_v16.jbeam",
            "b65fb0ed2eb06d4b"
        ],
        [
            "vehicles\/bolide\/customazible_engine_rk\/engine_v8_diesel.jbeam",
            "dd1701a0a4b55374"
        ],
        [
            "vehicles\/bolide\/customazible_engine_rk\/engine_I5.jbeam",
            "2e967d8fae09d1f0"
        ],
        [
            "vehicles\/bolide\/customazible_engine_rk\/engine_v8_cooler.jbeam",
            "32ac8056ed68ee91"
        ],
        [
            "vehicles\/bolide\/customazible_engine_rk\/trans_bolide.jbeam",
            "885553f4b2fcb806"
        ],
        [
            "vehicles\/bolide\/customazible_engine_rk\/engine_f4.jbeam",
            "c63fc602242031e5"
        ],
        [
            "vehicles\/bolide\/customazible_engine_rk\/engine_v12.jbeam",
            "9e5796d914ffbe52"
        ],
        [
            "vehicles\/bolide\/customazible_engine_rk\/engine_v6.jbeam",
            "9580a6e23ae115d0"
        ],
        [
            "vehicles\/bolide\/customazible_engine_rk\/fueltank_diesel_rk.jbeam",
            "f6dbaf594df9f28a"
        ],
        [
            "vehicles\/moonhawk\/customazible_engine_rk\/engine_v8_exhaust.jbeam",
            "bd1c42ff0d6dfd5c"
        ],
        [
            "vehicles\/moonhawk\/customazible_engine_rk\/engine_I6.jbeam",
            "9bdfa6975326aa23"
        ],
        [
            "vehicles\/moonhawk\/customazible_engine_rk\/engine_v10.jbeam",
            "060abd29daa4a491"
        ],
        [
            "vehicles\/moonhawk\/customazible_engine_rk\/engine_I4.jbeam",
            "1b501d77c53fce71"
        ],
        [
            "vehicles\/moonhawk\/customazible_engine_rk\/engine_v8.jbeam",
            "5066ada0f8b42dba"
        ],
        [
            "vehicles\/moonhawk\/customazible_engine_rk\/engine_i3.jbeam",
            "704b0286ebb04136"
        ],
        [
            "vehicles\/moonhawk\/customazible_engine_rk\/engine_f6.jbeam",
            "6983a669bfbdf20a"
        ],
        [
            "vehicles\/moonhawk\/customazible_engine_rk\/engine_v16.jbeam",
            "a5b8788988426732"
        ],
        [
            "vehicles\/moonhawk\/customazible_engine_rk\/engine_v8_diesel.jbeam",
            "5277a9f24f0c84f5"
        ],
        [
            "vehicles\/moonhawk\/customazible_engine_rk\/engine_I5.jbeam",
            "cb8561faaa08e490"
        ],
        [
            "vehicles\/moonhawk\/customazible_engine_rk\/moonhawk_fueltank.jbeam",
            "29c1f225875110c9"
        ],
        [
            "vehicles\/moonhawk\/customazible_engine_rk\/engine_v8_cooler.jbeam",
            "0d42d6a67c337287"
        ],
        [
            "vehicles\/moonhawk\/customazible_engine_rk\/engine_f4.jbeam",
            "c7b97562278a02d8"
        ],
        [
            "vehicles\/moonhawk\/customazible_engine_rk\/engine_v12.jbeam",
            "dc8f6a092f35f714"
        ],
        [
            "vehicles\/moonhawk\/customazible_engine_rk\/engine_v6.jbeam",
            "a7bb366d134b7c53"
        ],
        [
            "vehicles\/fullsize\/customazible_engine_rk\/engine_I6.jbeam",
            "a7c670941d0a943b"
        ],
        [
            "vehicles\/fullsize\/customazible_engine_rk\/engine_v10.jbeam",
            "2afb92e74504852a"
        ],
        [
            "vehicles\/fullsize\/customazible_engine_rk\/engine_I4.jbeam",
            "52d59a3a324d2cd5"
        ],
        [
            "vehicles\/fullsize\/customazible_engine_rk\/engine_v8.jbeam",
            "36f3ce08e4250f10"
        ],
        [
            "vehicles\/fullsize\/customazible_engine_rk\/engine_i5_cooler.jbeam",
            "3d2bc637ea58881b"
        ],
        [
            "vehicles\/fullsize\/customazible_engine_rk\/engine_i3.jbeam",
            "858f19d5011f3e2b"
        ],
        [
            "vehicles\/fullsize\/customazible_engine_rk\/engine_f6.jbeam",
            "aa771b9c1061d7f7"
        ],
        [
            "vehicles\/fullsize\/customazible_engine_rk\/engine_v16.jbeam",
            "ae8fa5cae4f6c411"
        ],
        [
            "vehicles\/fullsize\/customazible_engine_rk\/engine_i5_exhaust.jbeam",
            "fe43aebfcb53be1d"
        ],
        [
            "vehicles\/fullsize\/customazible_engine_rk\/engine_v8_diesel.jbeam",
            "5e16080f805c161d"
        ],
        [
            "vehicles\/fullsize\/customazible_engine_rk\/engine_I5.jbeam",
            "4a351d792fcc04b1"
        ],
        [
            "vehicles\/fullsize\/customazible_engine_rk\/engine_f4.jbeam",
            "0cc1e3a6ff3a039b"
        ],
        [
            "vehicles\/fullsize\/customazible_engine_rk\/engine_v12.jbeam",
            "6224a0c8979013e6"
        ],
        [
            "vehicles\/fullsize\/customazible_engine_rk\/engine_v6.jbeam",
            "96f9668b35a18ad9"
        ],
        [
            "vehicles\/fullsize\/customazible_engine_rk\/fueltank_diesel_rk.jbeam",
            "627a82bb8f817549"
        ],
        [
            "vehicles\/hopper\/customazible_engine_rk\/engine_v8_exhaust.jbeam",
            "e842ea718df36f6c"
        ],
        [
            "vehicles\/hopper\/customazible_engine_rk\/engine_I6.jbeam",
            "c28bd4f18f19f7d2"
        ],
        [
            "vehicles\/hopper\/customazible_engine_rk\/engine_v10.jbeam",
            "4cc59c5bc6fb08c3"
        ],
        [
            "vehicles\/hopper\/customazible_engine_rk\/engine_I4.jbeam",
            "63bf81d43cda5283"
        ],
        [
            "vehicles\/hopper\/customazible_engine_rk\/engine_v8.jbeam",
            "31476f314af764fe"
        ],
        [
            "vehicles\/hopper\/customazible_engine_rk\/engine_i3.jbeam",
            "dc61d6a7ff11e8e1"
        ],
        [
            "vehicles\/hopper\/customazible_engine_rk\/engine_f6.jbeam",
            "7229a2f791f55e13"
        ],
        [
            "vehicles\/hopper\/customazible_engine_rk\/engine_v16.jbeam",
            "ab496002f755e097"
        ],
        [
            "vehicles\/hopper\/customazible_engine_rk\/engine_i5_exhaust.jbeam",
            "472e24b6d0181e46"
        ],
        [
            "vehicles\/hopper\/customazible_engine_rk\/engine_v8_diesel.jbeam",
            "d967091bcc323af0"
        ],
        [
            "vehicles\/hopper\/customazible_engine_rk\/engine_I5.jbeam",
            "11806ea9f15d1985"
        ],
        [
            "vehicles\/hopper\/customazible_engine_rk\/engine_v8_cooler.jbeam",
            "6fdda9e5cae7cff8"
        ],
        [
            "vehicles\/hopper\/customazible_engine_rk\/engine_f4.jbeam",
            "5279d1413fc8e523"
        ],
        [
            "vehicles\/hopper\/customazible_engine_rk\/engine_v12.jbeam",
            "1ec0b7e376ddbfca"
        ],
        [
            "vehicles\/hopper\/customazible_engine_rk\/engine_v6.jbeam",
            "ca7d8f882377f9ed"
        ],
        [
            "vehicles\/hopper\/customazible_engine_rk\/fueltank_diesel_rk.jbeam",
            "1e1ce943c1e9f704"
        ],
        [
            "vehicles\/hatch\/customazible_engine_rk\/engine_I6.jbeam",
            "8ba256e7ba7b3716"
        ],
        [
            "vehicles\/hatch\/customazible_engine_rk\/engine_v10.jbeam",
            "b65ae94650ff616d"
        ],
        [
            "vehicles\/hatch\/customazible_engine_rk\/engine_I4.jbeam",
            "0d4410938340930e"
        ],
        [
            "vehicles\/hatch\/customazible_engine_rk\/engine_v8.jbeam",
            "9823d9e291a2efe9"
        ],
        [
            "vehicles\/hatch\/customazible_engine_rk\/engine_rk_exhaustheader.jbeam",
            "016d1799bed00326"
        ],
        [
            "vehicles\/hatch\/customazible_engine_rk\/engine_i3.jbeam",
            "bded6b2b4a8bf9e1"
        ],
        [
            "vehicles\/hatch\/customazible_engine_rk\/engine_f6.jbeam",
            "dd0096edd9733016"
        ],
        [
            "vehicles\/hatch\/customazible_engine_rk\/engine_v16.jbeam",
            "2c20cffeb3c89734"
        ],
        [
            "vehicles\/hatch\/customazible_engine_rk\/engine_i5_exhaust.jbeam",
            "2642093a4696278c"
        ],
        [
            "vehicles\/hatch\/customazible_engine_rk\/engine_v8_diesel.jbeam",
            "cd3de6425fb2ef0c"
        ],
        [
            "vehicles\/hatch\/customazible_engine_rk\/engine_I5.jbeam",
            "eb47fd296e9f6bf7"
        ],
        [
            "vehicles\/hatch\/customazible_engine_rk\/engine_f4.jbeam",
            "c7145b7e77382c54"
        ],
        [
            "vehicles\/hatch\/customazible_engine_rk\/engine_v12.jbeam",
            "1ad0cb567f09bab6"
        ],
        [
            "vehicles\/hatch\/customazible_engine_rk\/engine_v6.jbeam",
            "dd1374260d33ba26"
        ],
        [
            "vehicles\/hatch\/customazible_engine_rk\/fueltank_diesel_rk.jbeam",
            "c4b211ba495bd906"
        ],
        [
            "vehicles\/hatch\/customazible_engine_rk\/engine_rk_cooler.jbeam",
            "24d143428598178b"
        ],
        [
            "vehicles\/midsize\/customazible_engine_rk\/engine_I6.jbeam",
            "6fffdc0c0f54b1c6"
        ],
        [
            "vehicles\/midsize\/customazible_engine_rk\/engine_v10.jbeam",
            "58475f272d61f4d8"
        ],
        [
            "vehicles\/midsize\/customazible_engine_rk\/engine_I4.jbeam",
            "4a0ee476354b5f1d"
        ],
        [
            "vehicles\/midsize\/customazible_engine_rk\/engine_v8.jbeam",
            "f3b82a8d2e1799b4"
        ],
        [
            "vehicles\/midsize\/customazible_engine_rk\/engine_i5_cooler.jbeam",
            "b36f9577b8facae8"
        ],
        [
            "vehicles\/midsize\/customazible_engine_rk\/engine_i3.jbeam",
            "a1808662e3dac1b2"
        ],
        [
            "vehicles\/midsize\/customazible_engine_rk\/engine_f6.jbeam",
            "1f8c4288758dbcd0"
        ],
        [
            "vehicles\/midsize\/customazible_engine_rk\/engine_v16.jbeam",
            "da97b2d7e41d08ef"
        ],
        [
            "vehicles\/midsize\/customazible_engine_rk\/engine_i5_exhaust.jbeam",
            "6a5a223b71ca1e45"
        ],
        [
            "vehicles\/midsize\/customazible_engine_rk\/engine_v8_diesel.jbeam",
            "91a95e5f270585d0"
        ],
        [
            "vehicles\/midsize\/customazible_engine_rk\/engine_I5.jbeam",
            "2c9c4d3c8c79e825"
        ],
        [
            "vehicles\/midsize\/customazible_engine_rk\/engine_f4.jbeam",
            "73a8c112ebb5fce1"
        ],
        [
            "vehicles\/midsize\/customazible_engine_rk\/engine_v12.jbeam",
            "1c585bb776fff7fb"
        ],
        [
            "vehicles\/midsize\/customazible_engine_rk\/engine_v6.jbeam",
            "2aed1df2f722247e"
        ],
        [
            "vehicles\/midsize\/customazible_engine_rk\/fueltank_diesel_rk.jbeam",
            "7e12b7c8b65885b7"
        ],
        [
            "vehicles\/sbr\/customazible_engine_rk\/engine_v8_exhaust.jbeam",
            "b58b044bb38931d5"
        ],
        [
            "vehicles\/sbr\/customazible_engine_rk\/engine_I6.jbeam",
            "36e79a626a67b4f9"
        ],
        [
            "vehicles\/sbr\/customazible_engine_rk\/engine_v10.jbeam",
            "9368030c017dc098"
        ],
        [
            "vehicles\/sbr\/customazible_engine_rk\/engine_I4.jbeam",
            "e3a32a5a3861fd36"
        ],
        [
            "vehicles\/sbr\/customazible_engine_rk\/engine_v8.jbeam",
            "d74f593ad56b2270"
        ],
        [
            "vehicles\/sbr\/customazible_engine_rk\/engine_i3.jbeam",
            "f80e1109ddede294"
        ],
        [
            "vehicles\/sbr\/customazible_engine_rk\/engine_f6.jbeam",
            "2404104d6d593239"
        ],
        [
            "vehicles\/sbr\/customazible_engine_rk\/engine_v16.jbeam",
            "3e0c770aee7d52e6"
        ],
        [
            "vehicles\/sbr\/customazible_engine_rk\/engine_v8_diesel.jbeam",
            "e49e377c39dd3ede"
        ],
        [
            "vehicles\/sbr\/customazible_engine_rk\/engine_I5.jbeam",
            "dd621e5ad30ab2a9"
        ],
        [
            "vehicles\/sbr\/customazible_engine_rk\/engine_v8_cooler.jbeam",
            "a91b9af8a8cda5a1"
        ],
        [
            "vehicles\/sbr\/customazible_engine_rk\/engine_f4.jbeam",
            "3719ef6f3dc93715"
        ],
        [
            "vehicles\/sbr\/customazible_engine_rk\/engine_v12.jbeam",
            "ea0b9cd8fad5e888"
        ],
        [
            "vehicles\/sbr\/customazible_engine_rk\/engine_v6.jbeam",
            "b07e98c63e5d0e7c"
        ],
        [
            "vehicles\/sbr\/customazible_engine_rk\/fueltank_diesel_rk.jbeam",
            "936afbd03a8a973c"
        ],
        [
            "vehicles\/wendover\/customazible_engine_rk\/engine_I6.jbeam",
            "3fed9c831218696b"
        ],
        [
            "vehicles\/wendover\/customazible_engine_rk\/engine_v10.jbeam",
            "b03a630159590569"
        ],
        [
            "vehicles\/wendover\/customazible_engine_rk\/engine_I4.jbeam",
            "59b857bf13a0a5d5"
        ],
        [
            "vehicles\/wendover\/customazible_engine_rk\/engine_v8.jbeam",
            "63796537ed2d5ccd"
        ],
        [
            "vehicles\/wendover\/customazible_engine_rk\/engine_i5_cooler.jbeam",
            "8fa375aed2e618ef"
        ],
        [
            "vehicles\/wendover\/customazible_engine_rk\/engine_i3.jbeam",
            "3330ccaf93801461"
        ],
        [
            "vehicles\/wendover\/customazible_engine_rk\/engine_f6.jbeam",
            "1c0f972012f0b64a"
        ],
        [
            "vehicles\/wendover\/customazible_engine_rk\/engine_v16.jbeam",
            "2709d6235a310855"
        ],
        [
            "vehicles\/wendover\/customazible_engine_rk\/engine_i5_exhaust.jbeam",
            "c14b2c0a921d46f2"
        ],
        [
            "vehicles\/wendover\/customazible_engine_rk\/engine_v8_diesel.jbeam",
            "a026a4f342d4d31b"
        ],
        [
            "vehicles\/wendover\/customazible_engine_rk\/engine_I5.jbeam",
            "4db5459333ad8090"
        ],
        [
            "vehicles\/wendover\/customazible_engine_rk\/engine_f4.jbeam",
            "19c42a7db9258ff6"
        ],
        [
            "vehicles\/wendover\/customazible_engine_rk\/engine_v12.jbeam",
            "19d2bbff496f232b"
        ],
        [
            "vehicles\/wendover\/customazible_engine_rk\/engine_v6.jbeam",
            "28e480dffb700b8d"
        ],
        [
            "vehicles\/wendover\/customazible_engine_rk\/fueltank_diesel_rk.jbeam",
            "225109b4bee47ab4"
        ],
        [
            "vehicles\/sunburst\/customazible_engine_rk\/engine_I6.jbeam",
            "511170c4849b8a89"
        ],
        [
            "vehicles\/sunburst\/customazible_engine_rk\/engine_v10.jbeam",
            "a3b83f8ce0dc0b3b"
        ],
        [
            "vehicles\/sunburst\/customazible_engine_rk\/engine_I4.jbeam",
            "229e4e62d418c81a"
        ],
        [
            "vehicles\/sunburst\/customazible_engine_rk\/engine_v8.jbeam",
            "97eb4445e7a71b66"
        ],
        [
            "vehicles\/sunburst\/customazible_engine_rk\/engine_i5_cooler.jbeam",
            "13979d44b1125ff9"
        ],
        [
            "vehicles\/sunburst\/customazible_engine_rk\/engine_i3.jbeam",
            "ebfce852566b6992"
        ],
        [
            "vehicles\/sunburst\/customazible_engine_rk\/engine_f6.jbeam",
            "1fe16305789306ff"
        ],
        [
            "vehicles\/sunburst\/customazible_engine_rk\/engine_v16.jbeam",
            "b24c61e918419e24"
        ],
        [
            "vehicles\/sunburst\/customazible_engine_rk\/engine_i5_exhaust.jbeam",
            "743d43bc2b08bd38"
        ],
        [
            "vehicles\/sunburst\/customazible_engine_rk\/engine_v8_diesel.jbeam",
            "619e7f33d6c9b6bf"
        ],
        [
            "vehicles\/sunburst\/customazible_engine_rk\/engine_I5.jbeam",
            "7f3d459d058464f2"
        ],
        [
            "vehicles\/sunburst\/customazible_engine_rk\/engine_f4.jbeam",
            "8642570f21144a19"
        ],
        [
            "vehicles\/sunburst\/customazible_engine_rk\/engine_v12.jbeam",
            "b368cf2e85e762d9"
        ],
        [
            "vehicles\/sunburst\/customazible_engine_rk\/engine_v6.jbeam",
            "e61e46257f6834d3"
        ],
        [
            "vehicles\/sunburst\/customazible_engine_rk\/fueltank_diesel_rk.jbeam",
            "35053045412b17b1"
        ],
        [
            "vehicles\/vivace\/customazible_engine_rk\/engine_I6.jbeam",
            "2f5b1ee140564a53"
        ],
        [
            "vehicles\/vivace\/customazible_engine_rk\/engine_v10.jbeam",
            "975373a437d47443"
        ],
        [
            "vehicles\/vivace\/customazible_engine_rk\/engine_I4.jbeam",
            "d5e624a55a144e46"
        ],
        [
            "vehicles\/vivace\/customazible_engine_rk\/engine_v8.jbeam",
            "522a0efff0e50132"
        ],
        [
            "vehicles\/vivace\/customazible_engine_rk\/engine_i5_cooler.jbeam",
            "c15d896405c3bb5d"
        ],
        [
            "vehicles\/vivace\/customazible_engine_rk\/engine_i3.jbeam",
            "7df925300f1f42b5"
        ],
        [
            "vehicles\/vivace\/customazible_engine_rk\/engine_f6.jbeam",
            "c929063dcf50c501"
        ],
        [
            "vehicles\/vivace\/customazible_engine_rk\/engine_v16.jbeam",
            "8eb2ed8f3d50af57"
        ],
        [
            "vehicles\/vivace\/customazible_engine_rk\/engine_i5_exhaust.jbeam",
            "b56d83a8df1736b0"
        ],
        [
            "vehicles\/vivace\/customazible_engine_rk\/engine_v8_diesel.jbeam",
            "afba0e21f5a573d9"
        ],
        [
            "vehicles\/vivace\/customazible_engine_rk\/engine_I5.jbeam",
            "d022166e25f87f41"
        ],
        [
            "vehicles\/vivace\/customazible_engine_rk\/engine_f4.jbeam",
            "dc1869fbe9920df6"
        ],
        [
            "vehicles\/vivace\/customazible_engine_rk\/engine_v12.jbeam",
            "c43601e59d9c42cd"
        ],
        [
            "vehicles\/vivace\/customazible_engine_rk\/engine_v6.jbeam",
            "689d07b252d16739"
        ],
        [
            "vehicles\/etk800\/customazible_engine_rk\/engine_I6.jbeam",
            "1c1c4229e17d6d1f"
        ],
        [
            "vehicles\/etk800\/customazible_engine_rk\/engine_v10.jbeam",
            "97ef88bed5ca3d1b"
        ],
        [
            "vehicles\/etk800\/customazible_engine_rk\/engine_I4.jbeam",
            "93b35a8674efd03a"
        ],
        [
            "vehicles\/etk800\/customazible_engine_rk\/engine_v8.jbeam",
            "f245e2b03f7dff2d"
        ],
        [
            "vehicles\/etk800\/customazible_engine_rk\/engine_i3.jbeam",
            "cd1e75fe82e6e2c0"
        ],
        [
            "vehicles\/etk800\/customazible_engine_rk\/engine_f6.jbeam",
            "8717b909929a69ab"
        ],
        [
            "vehicles\/etk800\/customazible_engine_rk\/engine_v16.jbeam",
            "0bf9c24b200cecf2"
        ],
        [
            "vehicles\/etk800\/customazible_engine_rk\/engine_i5_exhaust.jbeam",
            "a4a415c77d822c38"
        ],
        [
            "vehicles\/etk800\/customazible_engine_rk\/engine_v8_diesel.jbeam",
            "16944a4cd53ce6f6"
        ],
        [
            "vehicles\/etk800\/customazible_engine_rk\/engine_I5.jbeam",
            "f59358cda9624d40"
        ],
        [
            "vehicles\/etk800\/customazible_engine_rk\/engine_f4.jbeam",
            "a0815138bd75650a"
        ],
        [
            "vehicles\/etk800\/customazible_engine_rk\/engine_v12.jbeam",
            "5f4acad2c11d62e8"
        ],
        [
            "vehicles\/etk800\/customazible_engine_rk\/engine_v6.jbeam",
            "1b358431decc7ddc"
        ],
        [
            "vehicles\/etk800\/customazible_engine_rk\/engine_rk_cooler.jbeam",
            "9a3051e6a517d87e"
        ],
        [
            "vehicles\/bluebuck\/customazible_engine_rk\/engine_v8_exhaust.jbeam",
            "015ae627c1adf7a9"
        ],
        [
            "vehicles\/bluebuck\/customazible_engine_rk\/engine_I6.jbeam",
            "2c12a1064ad59d6c"
        ],
        [
            "vehicles\/bluebuck\/customazible_engine_rk\/engine_v10.jbeam",
            "4a41843eb7b5383d"
        ],
        [
            "vehicles\/bluebuck\/customazible_engine_rk\/engine_I4.jbeam",
            "2159d0c92a8a735b"
        ],
        [
            "vehicles\/bluebuck\/customazible_engine_rk\/engine_v8.jbeam",
            "a3dcf27c914b0d73"
        ],
        [
            "vehicles\/bluebuck\/customazible_engine_rk\/engine_i3.jbeam",
            "34735ee428b2ddf5"
        ],
        [
            "vehicles\/bluebuck\/customazible_engine_rk\/engine_f6.jbeam",
            "d36c3fcdaf8a8b73"
        ],
        [
            "vehicles\/bluebuck\/customazible_engine_rk\/engine_v16.jbeam",
            "a16bec097bde0da9"
        ],
        [
            "vehicles\/bluebuck\/customazible_engine_rk\/engine_v8_diesel.jbeam",
            "53a0604082650da7"
        ],
        [
            "vehicles\/bluebuck\/customazible_engine_rk\/engine_I5.jbeam",
            "4e392f59121d0ea0"
        ],
        [
            "vehicles\/bluebuck\/customazible_engine_rk\/engine_v8_cooler.jbeam",
            "1bf47b1b6157ff6c"
        ],
        [
            "vehicles\/bluebuck\/customazible_engine_rk\/engine_f4.jbeam",
            "b6f60a619e50577a"
        ],
        [
            "vehicles\/bluebuck\/customazible_engine_rk\/engine_v12.jbeam",
            "c8b19cc7861959bd"
        ],
        [
            "vehicles\/bluebuck\/customazible_engine_rk\/engine_v6.jbeam",
            "dc7429478aaeb1d3"
        ],
        [
            "vehicles\/bluebuck\/customazible_engine_rk\/fueltank_diesel_rk.jbeam",
            "f1265e30a2b56ce2"
        ],
        [
            "vehicles\/coupe\/customazible_engine_rk\/engine_I6.jbeam",
            "846c58c888f4186c"
        ],
        [
            "vehicles\/coupe\/customazible_engine_rk\/coupe_fueltank_diesel_rk.jbeam",
            "c7bc23a979fe4816"
        ],
        [
            "vehicles\/coupe\/customazible_engine_rk\/engine_v10.jbeam",
            "16b713bc421e117f"
        ],
        [
            "vehicles\/coupe\/customazible_engine_rk\/engine_I4.jbeam",
            "93f59284841d66ec"
        ],
        [
            "vehicles\/coupe\/customazible_engine_rk\/engine_v8.jbeam",
            "3842a4b81a4bf894"
        ],
        [
            "vehicles\/coupe\/customazible_engine_rk\/engine_i3.jbeam",
            "e9f71c2ac46894e5"
        ],
        [
            "vehicles\/coupe\/customazible_engine_rk\/engine_f6.jbeam",
            "33adf0b4a1f634d7"
        ],
        [
            "vehicles\/coupe\/customazible_engine_rk\/engine_v16.jbeam",
            "cd404ae6e8ad6fa3"
        ],
        [
            "vehicles\/coupe\/customazible_engine_rk\/engine_i5_exhaust.jbeam",
            "cbab7abc95317e04"
        ],
        [
            "vehicles\/coupe\/customazible_engine_rk\/engine_v8_diesel.jbeam",
            "b387022170f5a805"
        ],
        [
            "vehicles\/coupe\/customazible_engine_rk\/engine_I5.jbeam",
            "c29915f692b3c687"
        ],
        [
            "vehicles\/coupe\/customazible_engine_rk\/engine_f4.jbeam",
            "e27b2eca3d4c352d"
        ],
        [
            "vehicles\/coupe\/customazible_engine_rk\/engine_v12.jbeam",
            "7deaf1cec1c913cb"
        ],
        [
            "vehicles\/coupe\/customazible_engine_rk\/engine_v6.jbeam",
            "49a9a29ea7d51623"
        ],
        [
            "vehicles\/coupe\/customazible_engine_rk\/engine_rk_cooler.jbeam",
            "fb59ddf0932ff223"
        ],
        [
            "vehicles\/miramar\/customazible_engine_rk\/engine_I6.jbeam",
            "7711ca87a17d76e9"
        ],
        [
            "vehicles\/miramar\/customazible_engine_rk\/engine_v10.jbeam",
            "c5d3e64e5899b80c"
        ],
        [
            "vehicles\/miramar\/customazible_engine_rk\/engine_I4.jbeam",
            "52b3b0d09d29959c"
        ],
        [
            "vehicles\/miramar\/customazible_engine_rk\/engine_v8.jbeam",
            "e602080417ca1c58"
        ],
        [
            "vehicles\/miramar\/customazible_engine_rk\/engine_i5_cooler.jbeam",
            "b46ae670aab41cf7"
        ],
        [
            "vehicles\/miramar\/customazible_engine_rk\/engine_i3.jbeam",
            "3d74ceee0d7fd973"
        ],
        [
            "vehicles\/miramar\/customazible_engine_rk\/engine_f6.jbeam",
            "4c27a6cd5a3d2e62"
        ],
        [
            "vehicles\/miramar\/customazible_engine_rk\/engine_v16.jbeam",
            "f2470e07a986fdc5"
        ],
        [
            "vehicles\/miramar\/customazible_engine_rk\/engine_i5_exhaust.jbeam",
            "a95295afe8edebe9"
        ],
        [
            "vehicles\/miramar\/customazible_engine_rk\/engine_v8_diesel.jbeam",
            "0d1bb3ad6304cdeb"
        ],
        [
            "vehicles\/miramar\/customazible_engine_rk\/engine_I5.jbeam",
            "df18c038733501aa"
        ],
        [
            "vehicles\/miramar\/customazible_engine_rk\/engine_f4.jbeam",
            "bfb19b76395c584e"
        ],
        [
            "vehicles\/miramar\/customazible_engine_rk\/engine_v12.jbeam",
            "ddf2e306ed8263ab"
        ],
        [
            "vehicles\/miramar\/customazible_engine_rk\/engine_v6.jbeam",
            "5e414f1096ea1e39"
        ],
        [
            "vehicles\/miramar\/customazible_engine_rk\/fueltank_diesel_rk.jbeam",
            "ea5e327a236baa05"
        ],
        [
            "vehicles\/etki\/customazible_engine_rk\/engine_I6.jbeam",
            "ca9f802670db770c"
        ],
        [
            "vehicles\/etki\/customazible_engine_rk\/engine_v10.jbeam",
            "f1b757bceb3615f9"
        ],
        [
            "vehicles\/etki\/customazible_engine_rk\/engine_I4.jbeam",
            "7c6c448816005849"
        ],
        [
            "vehicles\/etki\/customazible_engine_rk\/engine_v8.jbeam",
            "b3d6f44497fe0492"
        ],
        [
            "vehicles\/etki\/customazible_engine_rk\/engine_i3.jbeam",
            "e443789bf137428b"
        ],
        [
            "vehicles\/etki\/customazible_engine_rk\/engine_rk_exhaust.jbeam",
            "d30a9950da76b660"
        ],
        [
            "vehicles\/etki\/customazible_engine_rk\/engine_f6.jbeam",
            "1e478cecfa28b54d"
        ],
        [
            "vehicles\/etki\/customazible_engine_rk\/engine_v16.jbeam",
            "8a807fb26e4f853d"
        ],
        [
            "vehicles\/etki\/customazible_engine_rk\/engine_v8_diesel.jbeam",
            "a00c60177c73dff0"
        ],
        [
            "vehicles\/etki\/customazible_engine_rk\/engine_I5.jbeam",
            "f1f0541ef183cdd0"
        ],
        [
            "vehicles\/etki\/customazible_engine_rk\/engine_f4.jbeam",
            "015fa18f3980771a"
        ],
        [
            "vehicles\/etki\/customazible_engine_rk\/engine_v12.jbeam",
            "f36ee8439638b55a"
        ],
        [
            "vehicles\/etki\/customazible_engine_rk\/engine_v6.jbeam",
            "fafe6f89a30910e9"
        ],
        [
            "vehicles\/etki\/customazible_engine_rk\/fueltank_diesel_rk.jbeam",
            "a170ba74b1148228"
        ],
        [
            "vehicles\/etki\/customazible_engine_rk\/engine_rk_cooler.jbeam",
            "e253cdfad10c50e2"
        ],
        [
            "vehicles\/semi\/customazible_engine_rk\/engine_v8_exhaust.jbeam",
            "9d0f54fc4d86edbc"
        ],
        [
            "vehicles\/semi\/customazible_engine_rk\/engine_I6.jbeam",
            "d494374a2ba5ae7d"
        ],
        [
            "vehicles\/semi\/customazible_engine_rk\/engine_v10.jbeam",
            "c659aa7c1f47b5ff"
        ],
        [
            "vehicles\/semi\/customazible_engine_rk\/engine_I4.jbeam",
            "2fded709b5853985"
        ],
        [
            "vehicles\/semi\/customazible_engine_rk\/engine_v8.jbeam",
            "39dc2f56904d3ad0"
        ],
        [
            "vehicles\/semi\/customazible_engine_rk\/engine_i3.jbeam",
            "49c1b3ea8cb1115f"
        ],
        [
            "vehicles\/semi\/customazible_engine_rk\/engine_f6.jbeam",
            "dd40cf19b1175641"
        ],
        [
            "vehicles\/semi\/customazible_engine_rk\/engine_v16.jbeam",
            "a4a6810f848c2c04"
        ],
        [
            "vehicles\/semi\/customazible_engine_rk\/engine_v8_diesel.jbeam",
            "d36db048ffa36bbe"
        ],
        [
            "vehicles\/semi\/customazible_engine_rk\/engine_I5.jbeam",
            "aff24853f54ed58a"
        ],
        [
            "vehicles\/semi\/customazible_engine_rk\/engine_v8_cooler.jbeam",
            "9c41fd7e450ec7c3"
        ],
        [
            "vehicles\/semi\/customazible_engine_rk\/engine_v8_fueltank.jbeam",
            "3e51e5bffc156500"
        ],
        [
            "vehicles\/semi\/customazible_engine_rk\/engine_f4.jbeam",
            "a5d90b8a71b28b7e"
        ],
        [
            "vehicles\/semi\/customazible_engine_rk\/engine_v12.jbeam",
            "37574739d9f4d679"
        ],
        [
            "vehicles\/semi\/customazible_engine_rk\/engine_v6.jbeam",
            "247aec8090ac76ed"
        ]
    ]
}