{
    "attachments": [
        {
            "data_filename": "654207.jpg",
            "original_filename": "20200411005325_1.jpg",
            "thumb_filename": "thumbs\/654207.jpg"
        }
    ],
    "resource_id": 10106,
    "current_version_id": 22023,
    "download_count": 0,
    "resource_version_id": 22242,
    "version_string": "2.1",
    "last_update": 1586361939,
    "rating_avg": 4.8,
    "rating_count": 0,
    "rating_sum": 0,
    "resource_category_id": 7,
    "resource_date": 1571478016,
    "review_count": 11,
    "tag_line": "A massively wide range of adjustable aftermarket transmissions available for your vehicle of choice!",
    "update_count": 1,
    "path": "MT4A612Z8\/22023\/",
    "filename": "ultrawide_aftermarket_transmission_package.zip",
    "title": "Ultrawide Aftermarket Transmission Package",
    "user_id": 307253,
    "username": "GreenYellowOwl",
    "tagid": "MT4A612Z8",
    "message": "[HR][\/HR]\nSupports almost all official BeamNG.drive vehicles + most vehicle mods!\n\n[HR][\/HR]\n[B]Features:[\/B]\n[LIST]\n[*]Lightweight file size (less than 82 KB)\n[*]Ability to change\/remove shifter and clutch pedal for certain vehicles.\n\n[*]A highly customizable aftermarket transmission for almost all official BeamNG.drive vehicles and most vehicle mods.\n[*]Each transmission contains 5 gearbox types:\n[LIST]\n[*]AT (Automatic)\n[*]CVT (Continuously Variable\/Adjustable)\n[LIST]\n[*]High throttle gear ratio\n[*]Low throttle gear ratio\n[*]High throttle RPM\n[*]Low throttle RPM\n[\/LIST]\n[*]DCT (Dual-Clutch)\n[*]MT (Manual)\n[*]ST (Sequential)\n[\/LIST]\n[*]Adjustable aftermarket torque converter for AT, and CVT gearboxes*.\n[LIST]\n[*]Diameter\n[*]Stiffness\n[*]Coupling AV ratio\n[*]Stall ratio\n[*]Maximum clutch lockup torque\n[*]Inertia\n[*]Minimum clutch lockup RPM\n[*]Minimum clutch lockup gear\n[\/LIST]\n[*]Adjustable aftermarket clutch for MT and ST gearboxes*:\n[LIST]\n[*]Inertia\n[*]Weight\n[\/LIST]\n[*]Wide range of adjustable gear numbers:\n[LIST]\n[*]1-11 gears (AT\/DCT\/ST)\n[*]1-7 gear (MT)\n[*]4-11, 13 and 18 gears (Gavril T-Series and Wentward DT40L)\n[\/LIST]\n[*]Automatic downshifting in manual mode can be enabled\/disabled for AT, CVT and DCT gearboxes.\n[*]Automatic layouts for AT, CVT and DCT gearboxes:\n[LIST]\n[*]PRND, PRND1, PRND2, PRND21\n[*]PRNDM, PRNDM1, PRNDM2, PRNDM21\n[*]PRNDS, PRNDS1, PRNDS2, PRNDS21\n[*]PRNDSM, PRNDSM1, PRNDSM2, PRNDSM21\n[*]PRNM, PRNM1, PRNM2, PRNM21\n[*]PRNS, PRNS1, PRNS2, PRNS21\n[\/LIST]\n[LIST]\n[*]PRNSM, PRNSM1, PRNSM2, PRNSM21\n[\/LIST]\n[*]Supported vehicle mods:\n[LIST]\n[*][URL='https:\/\/www.beamng.com\/resources\/autobello-civettalina.7808\/']Autobello Civettalina[\/URL]\n[*][URL='https:\/\/www.beamng.com\/resources\/bolide-super-kart.2727\/']Bolide Super-kart[\/URL]\n[*][URL='https:\/\/www.beamng.com\/resources\/blackpool-superlite.10011\/']Blackpool Superlite[\/URL]\n[*][URL='https:\/\/www.beamng.com\/resources\/trackfab-unlimited.10684\/']Trackfab Unlimited[\/URL]\n[*][URL='https:\/\/www.beamng.com\/resources\/trackfab-autobello-buggy.9678\/']Trackfab Autobello Buggy[\/URL]\n[*][URL='https:\/\/www.beamng.com\/resources\/etk-1300.9739\/']ETK 1300[\/URL]\n[*][URL='https:\/\/www.beamng.com\/resources\/dansworth-d2500-type-d-rear-engine-bus.1737\/']Dansworth D2500 (Type-D) Rear-Engine Bus[\/URL]\n[*][URL='https:\/\/www.beamng.com\/resources\/dansworth-c1500-type-c-front-engine-bus.110\/']Dansworth C1500 (Type-C) Front Engine Bus[\/URL]\n[*][URL='https:\/\/www.beamng.com\/resources\/gavril-gladiator.3783\/']Gavril Gladiator[\/URL]\n[*][URL='https:\/\/www.beamng.com\/resources\/gavril-vendetta.3458\/']Gavril Vendetta[\/URL]\n[*][URL='https:\/\/www.beamng.com\/resources\/codename-oldsfullsize.1417\/']Codename Oldsfullsize + American Fullsize Series[\/URL]\n[*][URL='https:\/\/www.beamng.com\/resources\/satsuma-210-58.2009\/']Satsuma 210[\/URL]\n[*][URL='https:\/\/www.beamng.com\/resources\/ministock.11828\/']Ministock[\/URL]\n[*][URL='https:\/\/www.beamng.com\/resources\/1989-ibishu-kashira-gen-1.3459\/']Ibishu Kashira (Gen 1)[\/URL]\n[*][URL='https:\/\/www.beamng.com\/resources\/1995-ibishu-kashira-gen-2.8319\/']Ibishu Kashira (Gen 2) [\/URL]\n[*][URL='https:\/\/www.beamng.com\/resources\/ibishu-covet-v6r4.2704\/']Ibishu Covet V6R4 [\/URL]\n[*][URL='https:\/\/www.beamng.com\/resources\/bruckell-legran-aerocoupe.10810\/']Bruckell Legran Aerocoupe[\/URL]\n[*][URL='https:\/\/www.beamng.com\/resources\/raven-r60.6875\/']Raven R60[\/URL]\n[*][URL='https:\/\/www.beamng.com\/resources\/taz-cycle.1727\/']TAZ Cycle[\/URL]\n[*][URL='https:\/\/www.beamng.com\/resources\/bolide-track-toy.3707\/']Bolide Track Toy [\/URL]\n[*][URL='https:\/\/www.beamng.com\/resources\/revamped-crd-monster-truck.2144\/']Revamped CRD Monster Truck [\/URL]\n[*][URL='https:\/\/www.beamng.com\/resources\/ibishu-voleka.7963\/']Ibishu Voleka[\/URL]\n[*][URL='https:\/\/www.beamng.com\/resources\/ibishu-sp-95-sports-prototype-1995.3752\/']Ibishu SP-95[\/URL]\n[*][URL='https:\/\/www.beamng.com\/resources\/lks-prerunner.6665\/']IKS Prerunner[\/URL]\n[*][URL='https:\/\/www.beamng.com\/resources\/bitron-b2.2068\/']Bitron B2[\/URL]\n[*][URL='https:\/\/www.beamng.com\/resources\/fait-one.2845\/']Fait One[\/URL]\n[*][URL='https:\/\/www.beamng.com\/resources\/maluch.1964\/']Maluch[\/URL]\n[*][URL='https:\/\/www.beamng.com\/resources\/bruckell-firehawk-v12.3695\/']Bruckell Firehawk V12[\/URL]\n[*][URL='https:\/\/www.beamng.com\/resources\/crashhard-8x8-bigrig-truck.8316\/']CrashHard 8x8 BigRig Truck[\/URL]\n[\/LIST]\n[\/LIST]\n[I]*T-Series and DT40L have their own customizable clutch\/torque converter.\n[\/I]\n[HR][\/HR][I][\/I]\n[B]Known issue:[\/B]\n[LIST]\n[*]If you don't have the supported mods installed while my mod is activated, the missing vehicles will show their thumbnails as blanks. The mod can run without them just fine.\n[\/LIST]\n[IMG]https:\/\/www.beamng.com\/attachments\/20200411005325_1-jpg.654207\/?temp_hash=9b902a0d9ca724dd1a09d7c1b36c11c6[\/IMG]",
    "category_title": "",
    "prefix_title": "",
    "via": "packed by repo on Sat, 11 Apr 2020 17:00:09 GMT",
    "hashes": [
        [
            "vehicles\/barstow\/aftermarket_barstow_transmission.jbeam",
            "b3ce1e921b2067e4"
        ],
        [
            "vehicles\/common\/gear_number\/gear_number.jbeam",
            "74c0a4acbe7c8b78"
        ],
        [
            "vehicles\/common\/gear_number\/gear_number_heavy_duty.jbeam",
            "f2a9c2790792f34f"
        ],
        [
            "vehicles\/common\/gear_number\/gear_number_manual.jbeam",
            "4096592615896dec"
        ],
        [
            "vehicles\/common\/pickup\/aftermarket_pickup_transmission.jbeam",
            "9eec9d801c3c14d5"
        ],
        [
            "vehicles\/common\/gearbox_type\/gearbox_type_heavy_duty.jbeam",
            "0c0acb9d48d70705"
        ],
        [
            "vehicles\/common\/gearbox_type\/gearbox_type.jbeam",
            "f37931c5b27ae47a"
        ],
        [
            "vehicles\/common\/aftermarket_etk_transmission.jbeam",
            "5300c7ccba8a3f6d"
        ],
        [
            "vehicles\/common\/auto_mode\/auto_mode_prns.jbeam",
            "38430c9c8c614d27"
        ],
        [
            "vehicles\/common\/auto_mode\/auto_mode_prnsm.jbeam",
            "33c3c80735bff86b"
        ],
        [
            "vehicles\/common\/auto_mode\/auto_mode_prnd.jbeam",
            "73cf035ba39f2ff5"
        ],
        [
            "vehicles\/common\/auto_mode\/auto_mode_prnm.jbeam",
            "9b96fbf11cd7f6e4"
        ],
        [
            "vehicles\/common\/auto_mode\/auto_mode_prndsm.jbeam",
            "52bc66dc268ed318"
        ],
        [
            "vehicles\/common\/auto_mode\/auto_mode_prndm.jbeam",
            "3d8d9319620b59aa"
        ],
        [
            "vehicles\/common\/auto_mode\/auto_mode_prnds.jbeam",
            "ababa4b3298da948"
        ],
        [
            "vehicles\/pessima\/aftermarket_pessima_transaxle.jbeam",
            "78f700f9a6352455"
        ],
        [
            "vehicles\/van\/aftermarket_van_transmission.jbeam",
            "3a25bab4144ff1bf"
        ],
        [
            "vehicles\/legran\/aftermarket_legran_transaxle.jbeam",
            "f4ed10eff58de99f"
        ],
        [
            "vehicles\/citybus\/aftermarket_citybus_transaxle.jbeam",
            "5313a0c63736fb51"
        ],
        [
            "vehicles\/super\/aftermarket_super_transaxle.jbeam",
            "e8b07d41d38215bd"
        ],
        [
            "vehicles\/autobello\/autobello_transaxle_aftermarket.jbeam",
            "204c7cd9ca7e4f3b"
        ],
        [
            "vehicles\/pigeon\/aftermarket_pigeon_engine.jbeam",
            "dd35859c061d9b2c"
        ],
        [
            "vehicles\/burnside\/aftermarket_burnside_transmission.jbeam",
            "cf5bcea51c4e4dfd"
        ],
        [
            "vehicles\/moonhawk\/aftermarket_moonhawk_transmission.jbeam",
            "b04dd035b0b03422"
        ],
        [
            "vehicles\/fullsize\/aftermarket_fullsize_transmission.jbeam",
            "c4eb03efe47214a1"
        ],
        [
            "vehicles\/hopper\/aftermarket_hopper_transmission.jbeam",
            "4ad986775c88c25a"
        ],
        [
            "vehicles\/hatch\/aftermarket_hatch_transaxle.jbeam",
            "fe1d1ee2615a7511"
        ],
        [
            "vehicles\/midsize\/aftermarket_midsize_transaxle.jbeam",
            "0e60ca65fb688627"
        ],
        [
            "vehicles\/sbr\/aftermarket_sbr_transaxle.jbeam",
            "4730d2e4e4f953ad"
        ],
        [
            "vehicles\/sunburst\/aftermarket_sunburst_transaxle.jbeam",
            "541a3249ea792e5e"
        ],
        [
            "vehicles\/vivace\/aftermarket_vivace_transaxle.jbeam",
            "849d87cd8af1a122"
        ],
        [
            "vehicles\/bluebuck\/aftermarket_bluebuck_transmission.jbeam",
            "31369c3659800c65"
        ],
        [
            "vehicles\/coupe\/aftermarket_coupe_transmission.jbeam",
            "b624a555821afa39"
        ],
        [
            "vehicles\/miramar\/aftermarket_miramar_transmission.jbeam",
            "5411ebfbcd27b3b0"
        ],
        [
            "vehicles\/etki\/aftermarket_etki_transmission.jbeam",
            "48107d78a2304d70"
        ],
        [
            "vehicles\/semi\/aftermarket_semi_transmission.jbeam",
            "f32823be41c2ae4c"
        ]
    ]
}