{
    "attachments": [],
    "resource_id": 9592,
    "current_version_id": 37121,
    "download_count": 0,
    "resource_version_id": 39942,
    "version_string": "3.4",
    "last_update": 1642669358,
    "rating_avg": 4.59722,
    "rating_count": 0,
    "rating_sum": 0,
    "resource_category_id": 7,
    "resource_date": 1566724959,
    "review_count": 77,
    "tag_line": "Ever wanted to turbo or Supercharge a engine although there is none? Now you can!",
    "update_count": 12,
    "path": "M3YSALXWH\/37121\/",
    "filename": "Turbo_Everything_rk.zip",
    "title": "Turbo Everything + Twincharge Everything",
    "user_id": 184045,
    "username": "R4NKING",
    "tagid": "M3YSALXWH",
    "message": "[CENTER][B][SIZE=6]Turbo and Twincharge Everything! [\/SIZE][\/B]\n[SIZE=2][I]because everyone loves Force Induction![\/I][\/SIZE][\/CENTER]\n\n\nThis mod adds:\n\n[B]-[\/B] Additional Modification Slot to every original Car\n[B]-[\/B] Variable Turbo up to 250psi [SIZE=2][I]because why not?[\/I][\/SIZE]\n[SIZE=4][B]- [\/B]Changable Turbo and Blow Off Sound [\/SIZE][SIZE=2][I]Stu tututu[\/I][\/SIZE]\n[B]-[\/B] Additional Indestructible Block [SIZE=2][I]because no engine would take 17bar of boost[\/I][\/SIZE]\n[SIZE=4][B]- [\/B]Water & Oil Cooler [\/SIZE][SIZE=2][I]no more overheating problems![\/I][\/SIZE]\n[SIZE=4][B]- [\/B]ECU [\/SIZE][I][SIZE=2]Because everyone want's 10'000 RPM [\/SIZE][\/I]\n\n\n[B][SIZE=6]V2.3[\/SIZE]\n- Added Wendover[\/B]\n\n[B][SIZE=6]V2.2.2.2.2[\/SIZE]\n\n- Added new Turbosound \n  - Turbo Type 7\n  - Blowoff Valve Type 6[\/B]\n\n[B][I][SIZE=6]V2.2[\/SIZE][\/I][\/B]\n\n[SIZE=4][B]- Added Boost By Gear Controller for max 12 Gear [\/B]\n\n[B]- Added Sound Options:[\/B]\n[B]- 6 Turbo sounds with volume options[\/B]\n[B]- 5 Blow Off Valve Sounds with volume options + No Blow Off[\/B]\n\n[B]- Added ECU Slot[\/B]\n[B]- Variable Idle RPM[\/B]\n[B]- Variable RPM Limiter[\/B][\/SIZE]\n[B][I][SIZE=6]\n\n[I][B]V2.1[\/B][\/I]\n[\/SIZE][\/I]\n[SIZE=4]- Added Disengage Clutch feature to all Superchargers\n- Added Disengage Range - how long the Clutch needs to disengage fully for a smooth transition to a turbo\n\n[\/SIZE]\n[I][SIZE=6]V2.0[\/SIZE]\n[\/I]\n[SIZE=5]Added Twincharge Feature[\/SIZE]\n[I]\n\n[SIZE=5]Turbo[\/SIZE][\/I][\/B]\n[U][B]- Added many Customizable Parts\n[\/B][\/U]\n   - [B]Bearing                      [\/B][I]affects Turbo power[\/I]\n   - [B]Compressor Wheel   [\/B][I]affects Turbo spool[\/I]\n   - [B]Exhaust Housing        [\/B][I]affects Turbo spool[\/I]\n   - [B]Turbo cooling[\/B]             [I]affects max Turbo temperature[\/I]\n   - [B]Turbine Wheel[\/B]           [I]affects Exhaust pressure[\/I]\n   - [B]Wastegate                 [\/B][I]affects max boost pressure[\/I]\n \n[IMG]https:\/\/i.imgur.com\/C54XiIH.png[\/IMG]\n\n[B]- [\/B]Added changeable Turbo health (Turbo can overheat and get destroyed (feature of BeamNG))\n\n\n[B][SIZE=5]Supercharger[\/SIZE]\n[U]- Added many Customizable Parts\n[\/U][\/B]\n   -[B] Boost Controller[\/B]   [I]affects Overboost[\/I]\n   - [B]Bearing                 [\/B][I]affects supercharger power[\/I]\n   - [B]ECU                      [\/B][I]adds Option for Supercharger Clutch[\/I]\n   - [B]Pully                      [\/B][I]gearing between supercharger and engine[\/I]\n   - [B]Wastegate             [\/B][I]affects max boost pressure\n   - [\/I][B]Lobes                    [\/B][I]changes simulation of Turbocharger blades \n                                   (only Twinscrews and Root)[\/I]\n\n[IMG]https:\/\/i.imgur.com\/AlZTJ0D.png[\/IMG]\n\n[SIZE=6][I]If you use Supercharger with overboost feature, don't use Torquecurve App, it doesn't show the overboost.[\/I]\n[I]Use Engine Debug app for real Engine stats[\/I][\/SIZE]\n\nNot everything is how it is in reallife, i made this how i could because BeamNG doesn't features this options\n\n\nThe idea for this mod I got from @[SIZE=4]Msaxflismyren with his mod \"Supercharge Any Engine\"\n\nHave Fun c:[\/SIZE]",
    "category_title": "",
    "prefix_title": "Beta",
    "via": "packed by repo on Tue, 21 Jun 2022 22:02:51 GMT",
    "hashes": [
        [
            "vehicles\/barstow\/Addon_turbo.jbeam",
            "5ea323ac24b05fa3"
        ],
        [
            "vehicles\/scintilla\/Addon_turbo.jbeam",
            "634517a8583e4948"
        ],
        [
            "vehicles\/common\/Turbo_Everything_rk\/turbosound.jbeam",
            "13db5994c2edf23b"
        ],
        [
            "vehicles\/common\/Turbo_Everything_rk\/Turbo.jbeam",
            "cf6c73b5cfa47234"
        ],
        [
            "vehicles\/common\/Turbo_Everything_rk\/supercharger_parts_screws.jbeam",
            "c0497dee7afb6ba2"
        ],
        [
            "vehicles\/common\/Turbo_Everything_rk\/supercharger_sound.jbeam",
            "4c688f107a7e2ecb"
        ],
        [
            "vehicles\/common\/Turbo_Everything_rk\/Turbo_bearings.jbeam",
            "12b6a32ce978730a"
        ],
        [
            "vehicles\/common\/Turbo_Everything_rk\/exhaust_housing.jbeam",
            "a24c114a51dec3e7"
        ],
        [
            "vehicles\/common\/Turbo_Everything_rk\/supercharger.jbeam",
            "f6f998582e5163f1"
        ],
        [
            "vehicles\/common\/Turbo_Everything_rk\/ECU_rk.jbeam",
            "19d4ab516a644495"
        ],
        [
            "vehicles\/common\/Turbo_Everything_rk\/wastegate.jbeam",
            "d700520a5f498e7f"
        ],
        [
            "vehicles\/common\/Turbo_Everything_rk\/turbine_wheel.jbeam",
            "5955109e4b611444"
        ],
        [
            "vehicles\/common\/Turbo_Everything_rk\/turbo_cooler_RK.jbeam",
            "fc641779a0bd406b"
        ],
        [
            "vehicles\/common\/Turbo_Everything_rk\/oillines.jbeam",
            "e05dfde56573f596"
        ],
        [
            "vehicles\/common\/Turbo_Everything_rk\/blowoff.jbeam",
            "a95f5f6c2f1a1c15"
        ],
        [
            "vehicles\/common\/Turbo_Everything_rk\/supercharger_parts_root.jbeam",
            "b7746ae86107ab76"
        ],
        [
            "vehicles\/common\/Turbo_Everything_rk\/compressor_wheel.jbeam",
            "73740641eab155b1"
        ],
        [
            "vehicles\/pessima\/Addon_turbo.jbeam",
            "2a218f9f3f61b042"
        ],
        [
            "vehicles\/van\/Addon_turbo.jbeam",
            "0c14e811259045ac"
        ],
        [
            "vehicles\/roamer\/Addon_turbo.jbeam",
            "0da6a1f5b6eff61e"
        ],
        [
            "vehicles\/legran\/Addon_turbo.jbeam",
            "1465ce871a3b7897"
        ],
        [
            "vehicles\/citybus\/Addon_turbo.jbeam",
            "18f830d07f363156"
        ],
        [
            "vehicles\/etkc\/Addon_turbo.jbeam",
            "db2a7379b0b5ba38"
        ],
        [
            "vehicles\/autobello\/Addon_turbo.jbeam",
            "80378b40a1bc23e5"
        ],
        [
            "vehicles\/pigeon\/Addon_turbo.jbeam",
            "f70557855f10ae37"
        ],
        [
            "vehicles\/burnside\/Addon_turbo.jbeam",
            "caffadf458ddea38"
        ],
        [
            "vehicles\/bastion\/Addon_turbo.jbeam",
            "e99105129daf4a2a"
        ],
        [
            "vehicles\/pickup\/Addon_turbo.jbeam",
            "5eb9dcce091e2046"
        ],
        [
            "vehicles\/bolide\/Addon_turbo.jbeam",
            "1026dcba99fce7f2"
        ],
        [
            "vehicles\/moonhawk\/Addon_turbo.jbeam",
            "5ef78fac9cbb5bbe"
        ],
        [
            "vehicles\/fullsize\/Addon_turbo.jbeam",
            "5c80183a52ba6899"
        ],
        [
            "vehicles\/hopper\/Addon_turbo.jbeam",
            "c38be7d8ed1248fb"
        ],
        [
            "vehicles\/hatch\/Addon_turbo.jbeam",
            "f4d42decdfdc6d61"
        ],
        [
            "vehicles\/midsize\/Addon_turbo.jbeam",
            "beb77b7515bae045"
        ],
        [
            "vehicles\/sbr\/Addon_turbo.jbeam",
            "80231e4c0a8d789e"
        ],
        [
            "vehicles\/wendover\/addon_tubo.jbeam",
            "b53fe211bbebbc89"
        ],
        [
            "vehicles\/sunburst\/Addon_turbo.jbeam",
            "e31d309f9e3bf982"
        ],
        [
            "vehicles\/vivace\/Addon_turbo.jbeam",
            "534cd6703fc21959"
        ],
        [
            "vehicles\/etk800\/Addon_turbo.jbeam",
            "c9f61d3b4e109884"
        ],
        [
            "vehicles\/bluebuck\/Addon_turbo.jbeam",
            "ee29494da410eb37"
        ],
        [
            "vehicles\/coupe\/Addon_turbo.jbeam",
            "ec2d331dda4fc530"
        ],
        [
            "vehicles\/miramar\/Addon_turbo.jbeam",
            "52f499afacc04322"
        ],
        [
            "vehicles\/etki\/Addon_turbo.jbeam",
            "1d81c6c5f3978b2c"
        ],
        [
            "vehicles\/semi\/Addon_turbo.jbeam",
            "72960da9a014690e"
        ]
    ]
}